date,pos_tencent,neg_tencent,net_tencent,pos_alibaba,neg_alibaba,net_alibaba,pos_xiaomi,neg_xiaomi,net_xiaomi
2024-06-01,0.9991,0.0,0.9991,0.9992,0.0,0.9992,0.997,0.0,0.997
2024-06-02,NaN,NaN,NaN,0.7494,0.2472,0.5022,0.7478,0.2408,0.5069
2024-06-05,NaN,NaN,NaN,0.8085,0.1854,0.6231,0.809,0.1806,0.6284
2024-06-07,NaN,NaN,NaN,0.8256,0.1391,0.6865,0.8484,0.3515,0.3296
2024-06-08,NaN,NaN,NaN,0.8598,0.1043,0.7555,0.8112,0.5034,0.2014
2024-06-11,0.9914,0.0,0.9914,0.8831,0.0782,0.8049,NaN,NaN,NaN
2024-06-12,NaN,NaN,NaN,0.9119,0.0587,0.8532,NaN,NaN,NaN
2024-06-13,NaN,NaN,NaN,NaN,NaN,NaN,0.6084,0.623,-0.0944
2024-06-14,NaN,NaN,NaN,NaN,NaN,NaN,0.6943,0.4672,0.1672
2024-06-15,NaN,NaN,NaN,0.9312,0.044,0.8872,NaN,NaN,NaN
2024-06-16,0.9716,0.2473,0.6037,NaN,NaN,NaN,NaN,NaN,NaN
2024-06-17,0.7287,0.4328,0.2055,0.9482,0.2824,0.7597,0.5207,0.5989,-0.123
2024-06-18,NaN,NaN,NaN,0.9491,0.4509,0.7429,NaN,NaN,NaN
2024-06-19,0.7961,0.3246,0.4036,0.7118,0.5878,0.3076,0.6389,0.4492,0.1561
2024-06-20,0.8434,0.2434,0.5491,NaN,NaN,NaN,0.7282,0.3369,0.3661
2024-06-23,0.8731,0.1826,0.6524,0.783,0.4408,0.4798,NaN,NaN,NaN
2024-06-24,0.9047,0.1369,0.7391,NaN,NaN,NaN,NaN,NaN,NaN
2024-06-25,0.9165,0.1027,0.7923,NaN,NaN,NaN,NaN,NaN,NaN
2024-06-27,NaN,NaN,NaN,NaN,NaN,NaN,0.7919,0.2526,0.5204
2024-06-28,NaN,NaN,NaN,NaN,NaN,NaN,0.8439,0.1895,0.6402
2024-06-29,NaN,NaN,NaN,NaN,NaN,NaN,0.6329,0.3889,0.2334
2024-07-01,0.9371,0.077,0.844,NaN,NaN,NaN,0.7241,0.2916,0.4245
2024-07-02,NaN,NaN,NaN,0.7253,0.3306,0.4979,NaN,NaN,NaN
2024-07-04,NaN,NaN,NaN,NaN,NaN,NaN,0.7901,0.2187,0.5654
2024-07-05,NaN,NaN,NaN,NaN,NaN,NaN,0.8412,0.1641,0.6727
2024-07-08,NaN,NaN,NaN,NaN,NaN,NaN,0.6309,0.3689,0.2587
2024-07-09,NaN,NaN,NaN,NaN,NaN,NaN,0.7227,0.2766,0.4435
2024-07-10,0.9329,0.0578,0.8631,0.7921,0.248,0.6215,0.7482,0.2075,0.5388
2024-07-11,NaN,NaN,NaN,0.8422,0.186,0.7143,0.81,0.1556,0.653
2024-07-12,0.9474,0.0433,0.895,NaN,NaN,NaN,0.8536,0.3659,0.5302
2024-07-16,NaN,NaN,NaN,0.8812,0.1395,0.7853,0.8886,0.2745,0.6461
2024-07-17,0.9554,0.0325,0.9161,NaN,NaN,NaN,0.9162,0.2058,0.7343
2024-07-18,NaN,NaN,NaN,NaN,NaN,NaN,0.9367,0.1544,0.8003
2024-07-19,NaN,NaN,NaN,NaN,NaN,NaN,0.9464,0.3577,0.812
2024-07-20,NaN,NaN,NaN,NaN,NaN,NaN,0.9477,0.2683,0.8469
2024-07-21,NaN,NaN,NaN,NaN,NaN,NaN,0.9531,0.2012,0.8775
2024-07-22,NaN,NaN,NaN,NaN,NaN,NaN,0.9434,0.1509,0.8867
2024-07-24,NaN,NaN,NaN,NaN,NaN,NaN,0.9541,0.1132,0.9116
2024-07-26,NaN,NaN,NaN,NaN,NaN,NaN,0.9629,0.0849,0.931
2024-07-27,NaN,NaN,NaN,0.9107,0.1046,0.8387,0.972,0.0637,0.948
2024-07-28,NaN,NaN,NaN,NaN,NaN,NaN,0.9761,0.0477,0.9581
2024-08-02,NaN,NaN,NaN,NaN,NaN,NaN,0.9818,0.0358,0.9684
2024-08-06,NaN,NaN,NaN,NaN,NaN,NaN,0.7364,0.2715,0.4816
2024-08-10,0.9659,0.0244,0.9365,NaN,NaN,NaN,NaN,NaN,NaN
2024-08-12,0.7245,0.2659,0.4548,NaN,NaN,NaN,NaN,NaN,NaN
2024-08-14,0.7912,0.4418,0.3796,NaN,NaN,NaN,NaN,NaN,NaN
2024-08-15,0.8027,0.3313,0.494,NaN,NaN,NaN,0.5523,0.4507,0.1142
2024-08-16,NaN,NaN,NaN,NaN,NaN,NaN,0.6392,0.338,0.3106
2024-08-17,NaN,NaN,NaN,NaN,NaN,NaN,0.7274,0.4983,0.0769
2024-08-18,NaN,NaN,NaN,NaN,NaN,NaN,0.7804,0.6191,-0.1429
2024-08-20,0.8518,0.4973,0.2877,NaN,NaN,NaN,0.5853,0.7127,-0.3556
2024-08-21,NaN,NaN,NaN,NaN,NaN,NaN,0.6867,0.5346,-0.019
2024-08-22,NaN,NaN,NaN,NaN,NaN,NaN,0.7393,0.6386,0.0068
2024-08-23,NaN,NaN,NaN,NaN,NaN,NaN,0.8041,0.4789,0.2548
2024-08-27,NaN,NaN,NaN,NaN,NaN,NaN,0.8499,0.3592,0.4378
2024-08-29,0.8819,0.373,0.4588,NaN,NaN,NaN,NaN,NaN,NaN
2024-08-30,0.9037,0.2797,0.5864,0.683,0.27,0.4375,NaN,NaN,NaN
2024-08-31,0.9259,0.2098,0.6879,NaN,NaN,NaN,NaN,NaN,NaN
2024-09-02,0.9441,0.1573,0.7656,NaN,NaN,NaN,0.778,0.2694,0.469
2024-09-05,NaN,NaN,NaN,NaN,NaN,NaN,0.5835,0.4503,0.1035
2024-09-06,NaN,NaN,NaN,NaN,NaN,NaN,0.6815,0.3377,0.3215
2024-09-07,NaN,NaN,NaN,0.7619,0.2025,0.5778,NaN,NaN,NaN
2024-09-09,NaN,NaN,NaN,NaN,NaN,NaN,0.7608,0.2533,0.4908
2024-09-10,0.9577,0.118,0.8238,0.8167,0.1519,0.6786,NaN,NaN,NaN
2024-09-13,0.7183,0.3282,0.3782,0.6125,0.2798,0.3431,0.5706,0.4354,0.1227
2024-09-14,NaN,NaN,NaN,0.673,0.4579,0.2639,0.6718,0.5724,-0.0249
2024-09-15,NaN,NaN,NaN,0.5048,0.5929,-0.0515,NaN,NaN,NaN
2024-09-16,NaN,NaN,NaN,NaN,NaN,NaN,0.5038,0.5681,-0.1575
2024-09-17,NaN,NaN,NaN,NaN,NaN,NaN,0.3779,0.5649,-0.257
2024-09-18,NaN,NaN,NaN,NaN,NaN,NaN,0.5328,0.4237,0.0567
2024-09-19,NaN,NaN,NaN,0.6284,0.4447,0.2112,NaN,NaN,NaN
2024-09-20,0.5387,0.4951,0.0347,NaN,NaN,NaN,NaN,NaN,NaN
2024-09-25,NaN,NaN,NaN,NaN,NaN,NaN,0.3996,0.5674,-0.2072
2024-09-26,NaN,NaN,NaN,0.6743,0.3335,0.3614,NaN,NaN,NaN
2024-10-01,NaN,NaN,NaN,NaN,NaN,NaN,0.549,0.4256,0.0939
2024-10-07,NaN,NaN,NaN,NaN,NaN,NaN,0.6595,0.3192,0.3182
2024-10-08,NaN,NaN,NaN,NaN,NaN,NaN,0.4947,0.4882,-0.0102
2024-10-09,0.6302,0.3713,0.2522,NaN,NaN,NaN,0.6099,0.3662,0.2313
2024-10-12,NaN,NaN,NaN,0.7392,0.2501,0.5046,0.7063,0.2746,0.4224
2024-10-14,NaN,NaN,NaN,0.8017,0.1876,0.6257,0.7696,0.4505,0.3993
2024-10-15,NaN,NaN,NaN,NaN,NaN,NaN,0.8054,0.3379,0.5276
2024-10-16,NaN,NaN,NaN,0.8359,0.1407,0.7039,0.8322,0.2534,0.6239
2024-10-18,NaN,NaN,NaN,0.8419,0.1055,0.7429,NaN,NaN,NaN
2024-10-20,NaN,NaN,NaN,0.881,0.0791,0.8068,0.8417,0.1901,0.6855
2024-10-21,NaN,NaN,NaN,0.909,0.3054,0.807,0.8759,0.1425,0.7587
2024-10-22,NaN,NaN,NaN,NaN,NaN,NaN,0.8873,0.1069,0.7994
2024-10-23,NaN,NaN,NaN,0.9311,0.2291,0.8546,0.8988,0.0802,0.8329
2024-10-24,NaN,NaN,NaN,NaN,NaN,NaN,0.9134,0.0601,0.864
2024-10-25,NaN,NaN,NaN,0.9458,0.1718,0.8885,0.8898,0.0451,0.8527
2024-10-26,NaN,NaN,NaN,NaN,NaN,NaN,0.9162,0.0338,0.8884
2024-10-28,NaN,NaN,NaN,0.9394,0.1288,0.8964,0.9321,0.2443,0.7909
2024-10-29,NaN,NaN,NaN,NaN,NaN,NaN,0.9312,0.4315,0.7945
2024-10-30,NaN,NaN,NaN,0.9235,0.0966,0.8913,0.932,0.3236,0.8294
2024-10-31,NaN,NaN,NaN,0.9415,0.3219,0.8099,0.9473,0.3997,0.658
2024-11-01,0.7225,0.2785,0.439,NaN,NaN,NaN,0.927,0.5267,0.579
2024-11-02,NaN,NaN,NaN,NaN,NaN,NaN,0.9064,0.6312,0.3712
2024-11-03,NaN,NaN,NaN,0.9557,0.4888,0.7928,NaN,NaN,NaN
2024-11-05,NaN,NaN,NaN,NaN,NaN,NaN,0.9283,0.4734,0.5269
2024-11-06,0.7915,0.2089,0.5789,NaN,NaN,NaN,0.9447,0.355,0.6436
2024-11-07,0.745,0.1566,0.5855,NaN,NaN,NaN,NaN,NaN,NaN
2024-11-08,0.8071,0.1175,0.6875,NaN,NaN,NaN,0.7085,0.5116,0.2374
2024-11-09,0.8386,0.334,0.4978,NaN,NaN,NaN,NaN,NaN,NaN
2024-11-10,0.629,0.4963,0.1275,0.9483,0.3666,0.8261,NaN,NaN,NaN
2024-11-11,NaN,NaN,NaN,0.9606,0.5209,0.7032,0.766,0.3837,0.4127
2024-11-12,0.7179,0.3722,0.3418,NaN,NaN,NaN,0.8145,0.2878,0.5495
2024-11-13,0.7864,0.2792,0.5043,NaN,NaN,NaN,0.8559,0.4574,0.3318
2024-11-14,0.8351,0.4568,0.4061,NaN,NaN,NaN,0.819,0.3431,0.426
2024-11-15,NaN,NaN,NaN,NaN,NaN,NaN,0.7998,0.4476,0.4208
2024-11-18,NaN,NaN,NaN,NaN,NaN,NaN,0.8491,0.583,0.3754
2024-11-19,NaN,NaN,NaN,NaN,NaN,NaN,0.8865,0.687,0.1974
2024-11-20,NaN,NaN,NaN,NaN,NaN,NaN,0.9144,0.5153,0.3975
2024-11-21,NaN,NaN,NaN,NaN,NaN,NaN,0.933,0.6253,0.2426
2024-11-22,NaN,NaN,NaN,NaN,NaN,NaN,0.9386,0.6803,0.0812
2024-11-23,NaN,NaN,NaN,NaN,NaN,NaN,0.7039,0.7597,-0.1885
2024-11-25,NaN,NaN,NaN,NaN,NaN,NaN,0.7772,0.5698,0.1079
2024-11-28,NaN,NaN,NaN,NaN,NaN,NaN,0.8143,0.677,-0.0654
2024-11-29,NaN,NaN,NaN,0.9693,0.3907,0.7763,0.6107,0.7572,-0.2986
2024-12-01,0.6263,0.5561,0.0911,NaN,NaN,NaN,NaN,NaN,NaN
2024-12-02,0.7195,0.6306,0.0225,NaN,NaN,NaN,NaN,NaN,NaN
2024-12-06,0.789,0.4729,0.2663,0.9447,0.293,0.7999,NaN,NaN,NaN
2024-12-07,NaN,NaN,NaN,0.7085,0.4637,0.356,0.6972,0.8097,-0.2412
2024-12-08,0.5918,0.6023,-0.0478,0.5314,0.5917,0.0231,0.762,0.6072,0.0582
2024-12-09,NaN,NaN,NaN,NaN,NaN,NaN,0.8123,0.4554,0.2844
2024-12-10,0.4438,0.6964,-0.2806,NaN,NaN,NaN,0.8515,0.3416,0.4556
2024-12-12,NaN,NaN,NaN,0.3985,0.6887,-0.2277,0.8879,0.2562,0.591
2024-12-14,0.5511,0.7691,-0.3668,0.2989,0.7662,-0.4204,NaN,NaN,NaN
2024-12-15,0.4133,0.8236,-0.5219,NaN,NaN,NaN,0.9155,0.1921,0.6929
2024-12-16,0.5219,0.6177,-0.1795,NaN,NaN,NaN,0.9323,0.3042,0.5676
2024-12-17,NaN,NaN,NaN,0.2242,0.8237,-0.5643,0.949,0.2282,0.6755
2024-12-19,0.6398,0.4633,0.1137,NaN,NaN,NaN,0.7117,0.4204,0.2574
2024-12-20,NaN,NaN,NaN,NaN,NaN,NaN,0.7825,0.5645,0.34
2024-12-23,0.718,0.3474,0.3235,NaN,NaN,NaN,NaN,NaN,NaN
2024-12-24,NaN,NaN,NaN,NaN,NaN,NaN,0.8367,0.6721,0.1163
2024-12-25,0.7883,0.2606,0.4924,NaN,NaN,NaN,0.8772,0.7521,0.1853
2024-12-26,0.8405,0.1954,0.6185,NaN,NaN,NaN,NaN,NaN,NaN
2024-12-27,NaN,NaN,NaN,NaN,NaN,NaN,0.9076,0.564,0.3886
2024-12-28,0.6304,0.3952,0.2153,NaN,NaN,NaN,NaN,NaN,NaN
2024-12-30,NaN,NaN,NaN,NaN,NaN,NaN,0.9271,0.423,0.5379
2024-12-31,NaN,NaN,NaN,NaN,NaN,NaN,0.942,0.561,0.6075
2025-01-01,0.7225,0.2964,0.4112,0.1681,0.8659,-0.6714,0.948,0.615,0.6034
2025-01-02,NaN,NaN,NaN,NaN,NaN,NaN,0.9583,0.4613,0.6998
2025-01-03,NaN,NaN,NaN,NaN,NaN,NaN,0.9685,0.588,0.326
2025-01-04,0.7859,0.2223,0.5525,NaN,NaN,NaN,0.9693,0.441,0.4874
2025-01-05,NaN,NaN,NaN,NaN,NaN,NaN,0.9699,0.3307,0.6084
2025-01-06,NaN,NaN,NaN,NaN,NaN,NaN,0.7274,0.4971,0.2073
2025-01-07,0.5895,0.3433,0.2378,NaN,NaN,NaN,0.7952,0.3728,0.4051
2025-01-09,0.6912,0.2574,0.4275,NaN,NaN,NaN,NaN,NaN,NaN
2025-01-10,NaN,NaN,NaN,NaN,NaN,NaN,0.8451,0.2796,0.5525
2025-01-11,NaN,NaN,NaN,NaN,NaN,NaN,0.8836,0.2097,0.6641
2025-01-12,0.7671,0.1931,0.5693,NaN,NaN,NaN,0.912,0.1573,0.7474
2025-01-13,0.5754,0.3876,0.1842,NaN,NaN,NaN,0.9272,0.3674,0.5143
2025-01-16,0.4315,0.5357,-0.1068,NaN,NaN,NaN,NaN,NaN,NaN
2025-01-17,NaN,NaN,NaN,NaN,NaN,NaN,0.6954,0.5247,0.1366
2025-01-18,NaN,NaN,NaN,NaN,NaN,NaN,0.7707,0.3935,0.3516
2025-01-19,0.5726,0.4017,0.1689,NaN,NaN,NaN,NaN,NaN,NaN
2025-01-21,0.6696,0.3013,0.3668,NaN,NaN,NaN,0.8264,0.2951,0.5121
2025-01-24,0.751,0.226,0.524,NaN,NaN,NaN,0.8696,0.2214,0.6338
2025-01-25,0.8122,0.1695,0.6418,NaN,NaN,NaN,0.6522,0.4118,0.2296
2025-01-26,NaN,NaN,NaN,NaN,NaN,NaN,0.4892,0.4961,-0.0151
2025-01-27,NaN,NaN,NaN,NaN,NaN,NaN,0.6166,0.3721,0.2385
2025-01-28,NaN,NaN,NaN,NaN,NaN,NaN,0.6908,0.2791,0.4071
2025-01-29,NaN,NaN,NaN,NaN,NaN,NaN,0.7667,0.2093,0.554
2025-02-01,0.8589,0.1271,0.7312,NaN,NaN,NaN,NaN,NaN,NaN
2025-02-04,NaN,NaN,NaN,NaN,NaN,NaN,0.8245,0.157,0.665
2025-02-05,NaN,NaN,NaN,0.1261,0.8991,-0.7532,NaN,NaN,NaN
2025-02-06,NaN,NaN,NaN,0.0946,0.9227,-0.8133,0.8571,0.3663,0.6724
2025-02-07,NaN,NaN,NaN,NaN,NaN,NaN,0.892,0.2747,0.7535
2025-02-09,NaN,NaN,NaN,NaN,NaN,NaN,0.7942,0.4508,0.56
2025-02-11,NaN,NaN,NaN,0.3183,0.692,-0.3627,NaN,NaN,NaN
2025-02-12,0.894,0.0953,0.7982,0.4855,0.519,-0.0252,0.8422,0.5568,0.3655
2025-02-13,NaN,NaN,NaN,0.6121,0.3893,0.2291,0.6316,0.6669,0.0248
2025-02-14,NaN,NaN,NaN,NaN,NaN,NaN,0.723,0.7497,0.0977
2025-02-15,NaN,NaN,NaN,NaN,NaN,NaN,0.5422,0.8057,-0.1701
2025-02-16,0.822,0.0715,0.7501,NaN,NaN,NaN,0.4067,0.8535,-0.3768
2025-02-17,0.8625,0.0536,0.8086,NaN,NaN,NaN,0.5546,0.6401,-0.033
2025-02-18,NaN,NaN,NaN,NaN,NaN,NaN,0.6655,0.4801,0.2248
2025-02-20,0.6468,0.29,0.3567,NaN,NaN,NaN,NaN,NaN,NaN
2025-02-21,NaN,NaN,NaN,0.707,0.4306,0.3069,NaN,NaN,NaN
2025-02-22,NaN,NaN,NaN,NaN,NaN,NaN,0.7396,0.6097,0.2072
2025-02-23,NaN,NaN,NaN,NaN,NaN,NaN,0.7952,0.4573,0.3959
2025-02-24,0.7143,0.2175,0.4967,NaN,NaN,NaN,0.8276,0.5722,0.4102
2025-02-25,NaN,NaN,NaN,0.5302,0.5726,-0.0194,0.8703,0.4291,0.5572
2025-02-27,NaN,NaN,NaN,NaN,NaN,NaN,0.8951,0.5656,0.6203
2025-02-28,NaN,NaN,NaN,NaN,NaN,NaN,0.9157,0.661,0.6364
2025-03-01,NaN,NaN,NaN,NaN,NaN,NaN,0.9241,0.4957,0.7145
2025-03-02,NaN,NaN,NaN,NaN,NaN,NaN,0.9399,0.3718,0.7828
2025-03-03,0.7838,0.1631,0.6206,NaN,NaN,NaN,0.9529,0.5261,0.7257
2025-03-04,0.8359,0.1223,0.7135,NaN,NaN,NaN,0.964,0.6329,0.3947
2025-03-05,0.8752,0.0917,0.7834,NaN,NaN,NaN,0.9648,0.7208,0.483
2025-03-06,NaN,NaN,NaN,NaN,NaN,NaN,0.9733,0.5406,0.612
2025-03-07,NaN,NaN,NaN,NaN,NaN,NaN,0.9715,0.6536,0.6439
2025-03-08,NaN,NaN,NaN,NaN,NaN,NaN,0.9706,0.739,0.5763
2025-03-09,NaN,NaN,NaN,NaN,NaN,NaN,0.728,0.7988,0.1876
2025-03-10,NaN,NaN,NaN,NaN,NaN,NaN,0.785,0.5991,0.3797
2025-03-12,NaN,NaN,NaN,NaN,NaN,NaN,0.8369,0.6981,0.2071
2025-03-13,NaN,NaN,NaN,0.6475,0.4294,0.2352,0.8219,0.7701,0.2858
2025-03-14,NaN,NaN,NaN,NaN,NaN,NaN,0.8635,0.5776,0.4614
2025-03-15,NaN,NaN,NaN,NaN,NaN,NaN,0.892,0.6472,0.4832
2025-03-16,NaN,NaN,NaN,NaN,NaN,NaN,0.9186,0.4854,0.6121
2025-03-17,NaN,NaN,NaN,NaN,NaN,NaN,0.9028,0.364,0.6729
2025-03-18,NaN,NaN,NaN,0.7348,0.3221,0.4256,0.9164,0.4606,0.5585
2025-03-19,0.8977,0.0688,0.8288,0.7944,0.2416,0.5625,0.937,0.5951,0.3238
2025-03-20,NaN,NaN,NaN,NaN,NaN,NaN,0.952,0.6945,0.3153
2025-03-21,NaN,NaN,NaN,NaN,NaN,NaN,0.9639,0.5209,0.4864
2025-03-23,NaN,NaN,NaN,NaN,NaN,NaN,0.9725,0.3907,0.6143
2025-03-24,NaN,NaN,NaN,NaN,NaN,NaN,0.9704,0.5419,0.6527
2025-03-25,0.9181,0.0516,0.8665,0.5958,0.3409,0.2621,0.9623,0.4064,0.7241
2025-03-26,0.9385,0.0387,0.8997,NaN,NaN,NaN,0.9706,0.5463,0.6048
2025-03-27,NaN,NaN,NaN,NaN,NaN,NaN,0.9756,0.6548,0.2385
2025-03-28,NaN,NaN,NaN,NaN,NaN,NaN,0.9809,0.4911,0.4281
2025-03-29,NaN,NaN,NaN,NaN,NaN,NaN,0.9848,0.6176,0.1894
2025-03-30,NaN,NaN,NaN,NaN,NaN,NaN,0.9665,0.7124,0.2951
2025-03-31,NaN,NaN,NaN,NaN,NaN,NaN,0.9244,0.5343,0.4208
2025-04-01,NaN,NaN,NaN,NaN,NaN,NaN,0.9405,0.647,0.2983
2025-04-02,0.7038,0.2782,0.4256,NaN,NaN,NaN,0.9393,0.728,0.1427
2025-04-03,NaN,NaN,NaN,NaN,NaN,NaN,0.9525,0.7955,-0.0248
2025-04-04,NaN,NaN,NaN,NaN,NaN,NaN,0.7144,0.744,-0.166
2025-04-05,NaN,NaN,NaN,NaN,NaN,NaN,0.7846,0.558,0.1243
2025-04-06,NaN,NaN,NaN,NaN,NaN,NaN,0.8334,0.4185,0.3382
2025-04-07,NaN,NaN,NaN,NaN,NaN,NaN,0.8605,0.4906,0.3804
2025-04-08,NaN,NaN,NaN,NaN,NaN,NaN,0.8738,0.368,0.5137
2025-04-09,0.5279,0.4158,0.1121,NaN,NaN,NaN,0.9046,0.276,0.6346
2025-04-10,0.6437,0.3118,0.3319,0.6963,0.2557,0.446,NaN,NaN,NaN
2025-04-11,0.7306,0.2339,0.4967,NaN,NaN,NaN,0.6785,0.4557,0.2272
2025-04-15,NaN,NaN,NaN,NaN,NaN,NaN,0.7576,0.5911,0.321
2025-04-17,0.7972,0.1754,0.6218,NaN,NaN,NaN,0.8053,0.6596,0.3878
2025-04-18,0.8476,0.1316,0.7161,NaN,NaN,NaN,0.604,0.7268,0.0586
2025-04-19,NaN,NaN,NaN,NaN,NaN,NaN,0.7024,0.5451,0.2934
2025-04-22,0.8838,0.0987,0.7851,NaN,NaN,NaN,0.761,0.4088,0.4543
2025-04-23,NaN,NaN,NaN,NaN,NaN,NaN,0.7929,0.3066,0.5628
2025-04-24,NaN,NaN,NaN,NaN,NaN,NaN,0.8377,0.4765,0.2582
2025-04-25,NaN,NaN,NaN,0.5222,0.4406,0.0856,0.8764,0.3573,0.4418
2025-04-27,NaN,NaN,NaN,NaN,NaN,NaN,0.907,0.268,0.5811
2025-04-28,NaN,NaN,NaN,0.6404,0.3305,0.3129,0.923,0.4499,0.3582
2025-04-29,NaN,NaN,NaN,NaN,NaN,NaN,0.9409,0.3374,0.5173
2025-04-30,NaN,NaN,NaN,NaN,NaN,NaN,0.9548,0.2531,0.6371
2025-05-01,NaN,NaN,NaN,NaN,NaN,NaN,0.9603,0.1898,0.722
2025-05-02,NaN,NaN,NaN,NaN,NaN,NaN,0.965,0.1423,0.7863
2025-05-05,NaN,NaN,NaN,NaN,NaN,NaN,0.9652,0.1068,0.8312
2025-05-06,0.9127,0.074,0.8387,NaN,NaN,NaN,NaN,NaN,NaN
2025-05-07,NaN,NaN,NaN,NaN,NaN,NaN,0.9719,0.0801,0.8714
2025-05-08,0.9341,0.0555,0.8786,NaN,NaN,NaN,0.9757,0.0601,0.9003
2025-05-09,0.9489,0.0416,0.9073,0.6881,0.2479,0.4425,NaN,NaN,NaN
2025-05-10,0.9575,0.0312,0.9263,0.6813,0.1859,0.4972,0.9592,0.045,0.9026
2025-05-11,NaN,NaN,NaN,NaN,NaN,NaN,0.9691,0.0338,0.9267
2025-05-12,NaN,NaN,NaN,0.7535,0.1394,0.6154,0.9764,0.0253,0.9446
2025-05-13,0.96,0.0234,0.9366,0.8062,0.1046,0.7026,0.9802,0.2358,0.6552
2025-05-14,0.9651,0.0176,0.9475,NaN,NaN,NaN,0.9829,0.4051,0.3788
2025-05-15,0.9678,0.0132,0.9547,0.8518,0.0784,0.7741,0.9854,0.5531,0.509
2025-05-16,NaN,NaN,NaN,0.8877,0.3078,0.7138,0.9881,0.566,0.5037
2025-05-17,NaN,NaN,NaN,NaN,NaN,NaN,0.7411,0.6736,0.1287
2025-05-18,NaN,NaN,NaN,0.6658,0.4806,0.2857,0.7887,0.5052,0.3294
2025-05-19,0.9723,0.0099,0.9625,0.749,0.3604,0.464,0.8334,0.6283,0.4365
2025-05-20,0.9779,0.0074,0.9705,0.8115,0.2703,0.5977,0.8336,0.4712,0.5359
2025-05-21,NaN,NaN,NaN,0.6086,0.435,0.2159,0.8713,0.3534,0.648
2025-05-22,NaN,NaN,NaN,0.7058,0.3263,0.4114,0.8955,0.2651,0.7281
2025-05-23,NaN,NaN,NaN,0.7791,0.2447,0.5582,0.9158,0.1988,0.7902
2025-05-24,NaN,NaN,NaN,0.832,0.1835,0.6664,0.6868,0.2799,0.4618
2025-05-25,NaN,NaN,NaN,NaN,NaN,NaN,0.765,0.2099,0.5962
2025-05-26,NaN,NaN,NaN,0.8738,0.1376,0.7495,0.8218,0.1575,0.6952
2025-05-27,0.7334,0.2513,0.4822,0.9049,0.1032,0.8117,0.8631,0.1181,0.7681
2025-05-28,NaN,NaN,NaN,0.9262,0.0774,0.8564,0.897,0.0886,0.8258
2025-05-29,0.7946,0.1884,0.6061,0.9392,0.3079,0.7834,NaN,NaN,NaN
2025-05-30,NaN,NaN,NaN,0.954,0.2309,0.8372,0.9224,0.2814,0.6567
2025-05-31,NaN,NaN,NaN,0.9115,0.3729,0.4905,NaN,NaN,NaN
2025-06-01,0.8458,0.1413,0.7044,0.9306,0.2796,0.6148,0.9387,0.4,0.5434
2025-06-03,NaN,NaN,NaN,NaN,NaN,NaN,0.9535,0.3,0.6571
2025-06-04,NaN,NaN,NaN,NaN,NaN,NaN,0.9633,0.225,0.741
2025-06-06,NaN,NaN,NaN,NaN,NaN,NaN,0.9722,0.1688,0.8054
2025-06-07,0.8695,0.106,0.7635,NaN,NaN,NaN,0.9785,0.1266,0.8534
2025-06-08,NaN,NaN,NaN,NaN,NaN,NaN,0.9817,0.0949,0.8879
2025-06-09,NaN,NaN,NaN,0.9255,0.2097,0.6887,0.9859,0.0712,0.9155
2025-06-10,NaN,NaN,NaN,NaN,NaN,NaN,0.9783,0.0534,0.9255
2025-06-11,NaN,NaN,NaN,0.6941,0.4059,0.2679,0.9825,0.2156,0.6943
2025-06-12,0.6521,0.3116,0.3405,0.7698,0.5531,0.2757,0.9836,0.1617,0.7675
2025-06-13,NaN,NaN,NaN,0.826,0.6641,0.3388,NaN,NaN,NaN
2025-06-16,NaN,NaN,NaN,0.8693,0.4981,0.5039,0.9874,0.1213,0.8252
2025-06-17,NaN,NaN,NaN,0.894,0.5918,0.573,0.9901,0.091,0.8685
2025-06-18,NaN,NaN,NaN,0.9165,0.6924,0.5775,NaN,NaN,NaN
2025-06-19,NaN,NaN,NaN,0.937,0.5193,0.6827,0.9786,0.255,0.8155
2025-06-20,NaN,NaN,NaN,0.9403,0.3894,0.7496,0.9837,0.4365,0.716
2025-06-21,NaN,NaN,NaN,NaN,NaN,NaN,0.9873,0.5731,0.5354
2025-06-22,0.733,0.4798,0.3145,NaN,NaN,NaN,NaN,NaN,NaN
2025-06-23,0.7975,0.3598,0.4836,NaN,NaN,NaN,0.9888,0.4298,0.6498
2025-06-24,0.8465,0.2699,0.6111,NaN,NaN,NaN,0.9478,0.3224,0.6936
2025-06-25,NaN,NaN,NaN,NaN,NaN,NaN,0.9486,0.4891,0.7314
2025-06-26,NaN,NaN,NaN,NaN,NaN,NaN,0.9568,0.576,0.7818
2025-06-27,NaN,NaN,NaN,0.7052,0.5396,0.3147,0.9648,0.6814,0.8147
2025-06-28,NaN,NaN,NaN,NaN,NaN,NaN,0.973,0.708,0.7107
2025-06-29,NaN,NaN,NaN,NaN,NaN,NaN,0.7297,0.7379,0.3261
2025-06-30,NaN,NaN,NaN,0.5289,0.6543,-0.0136,0.7953,0.8019,0.3152
2025-07-01,NaN,NaN,NaN,0.5442,0.4908,0.1373,0.8443,0.7791,0.1329
2025-07-02,NaN,NaN,NaN,NaN,NaN,NaN,0.8463,0.5843,0.3127
2025-07-03,NaN,NaN,NaN,NaN,NaN,NaN,0.8674,0.4382,0.4672
2025-07-04,NaN,NaN,NaN,NaN,NaN,NaN,0.6505,0.5749,0.1041
2025-07-08,0.6349,0.4169,0.2439,NaN,NaN,NaN,0.7377,0.4312,0.3279
2025-07-10,NaN,NaN,NaN,NaN,NaN,NaN,0.8021,0.3234,0.4947
2025-07-14,NaN,NaN,NaN,NaN,NaN,NaN,0.84,0.2425,0.6095
2025-07-16,NaN,NaN,NaN,NaN,NaN,NaN,0.8792,0.1819,0.7063
2025-07-18,NaN,NaN,NaN,NaN,NaN,NaN,0.8936,0.1364,0.7639
2025-07-20,NaN,NaN,NaN,NaN,NaN,NaN,0.6702,0.3513,0.324
2025-07-21,NaN,NaN,NaN,NaN,NaN,NaN,0.7519,0.2635,0.4922
2025-07-22,NaN,NaN,NaN,NaN,NaN,NaN,0.8133,0.1976,0.6186
2025-07-23,0.4762,0.5438,-0.0482,NaN,NaN,NaN,0.8597,0.1482,0.7136
2025-07-25,0.3571,0.6564,-0.2848,NaN,NaN,NaN,NaN,NaN,NaN
2025-07-26,0.5043,0.4923,0.0229,NaN,NaN,NaN,NaN,NaN,NaN
2025-07-28,NaN,NaN,NaN,NaN,NaN,NaN,0.6448,0.3609,0.2855
2025-07-29,0.5062,0.3693,0.1451,NaN,NaN,NaN,0.7304,0.2707,0.4609
2025-07-31,NaN,NaN,NaN,NaN,NaN,NaN,0.7921,0.203,0.5901
2025-08-01,NaN,NaN,NaN,NaN,NaN,NaN,0.8425,0.1522,0.6909
2025-08-06,NaN,NaN,NaN,NaN,NaN,NaN,0.8636,0.1142,0.75
2025-08-07,0.6293,0.2769,0.3585,NaN,NaN,NaN,NaN,NaN,NaN
2025-08-08,0.472,0.3695,0.1071,NaN,NaN,NaN,NaN,NaN,NaN
2025-08-10,0.6039,0.2771,0.3302,NaN,NaN,NaN,NaN,NaN,NaN
2025-08-11,0.7029,0.2078,0.4976,NaN,NaN,NaN,0.8916,0.0856,0.8063
2025-08-12,NaN,NaN,NaN,NaN,NaN,NaN,0.6687,0.2954,0.3736
2025-08-13,0.776,0.1559,0.622,NaN,NaN,NaN,NaN,NaN,NaN
2025-08-14,0.8307,0.3638,0.4026,0.4081,0.5427,-0.0716,NaN,NaN,NaN
2025-08-16,0.8501,0.2728,0.5291,NaN,NaN,NaN,0.7486,0.2215,0.5273
2025-08-18,0.8865,0.2046,0.6457,0.5548,0.407,0.195,NaN,NaN,NaN
2025-08-19,NaN,NaN,NaN,NaN,NaN,NaN,0.8088,0.3244,0.3416
2025-08-20,NaN,NaN,NaN,NaN,NaN,NaN,0.8543,0.4539,0.2171
2025-08-21,NaN,NaN,NaN,NaN,NaN,NaN,0.8896,0.3405,0.4117
2025-08-22,NaN,NaN,NaN,NaN,NaN,NaN,0.9152,0.2553,0.5568
2025-08-25,NaN,NaN,NaN,NaN,NaN,NaN,0.6864,0.3589,0.2502
2025-08-26,NaN,NaN,NaN,0.6409,0.3053,0.371,0.7134,0.2692,0.3862
2025-08-27,NaN,NaN,NaN,NaN,NaN,NaN,0.7849,0.2019,0.5395
2025-08-28,NaN,NaN,NaN,NaN,NaN,NaN,0.8371,0.3977,0.5494
2025-08-29,NaN,NaN,NaN,NaN,NaN,NaN,0.6278,0.5406,0.1697
2025-08-30,NaN,NaN,NaN,0.7282,0.2289,0.5258,0.4709,0.6433,-0.1106
2025-08-31,NaN,NaN,NaN,NaN,NaN,NaN,0.3532,0.7321,-0.3325
2025-09-02,NaN,NaN,NaN,NaN,NaN,NaN,0.5144,0.5491,0.0001
2025-09-03,NaN,NaN,NaN,NaN,NaN,NaN,0.6354,0.4118,0.2497
2025-09-04,NaN,NaN,NaN,NaN,NaN,NaN,0.7261,0.3089,0.4368
2025-09-05,NaN,NaN,NaN,NaN,NaN,NaN,0.7927,0.2316,0.5757
2025-09-06,NaN,NaN,NaN,NaN,NaN,NaN,0.5945,0.3409,0.2646
2025-09-07,NaN,NaN,NaN,NaN,NaN,NaN,0.6729,0.2557,0.4254
2025-09-08,NaN,NaN,NaN,NaN,NaN,NaN,0.7317,0.4404,0.0918
2025-09-09,NaN,NaN,NaN,0.7879,0.1717,0.6361,0.7966,0.5782,-0.0644
2025-09-10,NaN,NaN,NaN,0.8406,0.3782,0.5303,NaN,NaN,NaN
2025-09-11,NaN,NaN,NaN,0.6304,0.533,0.1483,0.8262,0.4337,0.1805
2025-09-12,0.6649,0.3966,0.2412,NaN,NaN,NaN,0.8683,0.5733,0.2993
2025-09-13,NaN,NaN,NaN,NaN,NaN,NaN,0.8518,0.43,0.4251
2025-09-15,NaN,NaN,NaN,NaN,NaN,NaN,0.8696,0.3225,0.5496
2025-09-17,NaN,NaN,NaN,NaN,NaN,NaN,0.8509,0.2419,0.6109
2025-09-18,NaN,NaN,NaN,NaN,NaN,NaN,0.6382,0.431,0.2086
2025-09-19,NaN,NaN,NaN,NaN,NaN,NaN,0.7083,0.5696,0.1129
2025-09-20,NaN,NaN,NaN,NaN,NaN,NaN,0.7719,0.6744,0.2503
2025-09-21,NaN,NaN,NaN,NaN,NaN,NaN,0.8241,0.5058,0.4329
2025-09-22,NaN,NaN,NaN,NaN,NaN,NaN,0.8552,0.6287,0.402
2025-09-23,0.4987,0.5434,-0.0651,NaN,NaN,NaN,0.8889,0.4715,0.549
2025-09-24,NaN,NaN,NaN,0.7164,0.3998,0.3548,0.9124,0.3537,0.6575
2025-09-25,NaN,NaN,NaN,NaN,NaN,NaN,0.9219,0.5122,0.659
2025-09-26,NaN,NaN,NaN,NaN,NaN,NaN,0.901,0.5667,0.584
2025-09-27,NaN,NaN,NaN,NaN,NaN,NaN,0.9223,0.6742,0.61
2025-09-28,NaN,NaN,NaN,NaN,NaN,NaN,0.9361,0.7551,0.5217
2025-09-29,0.374,0.6502,-0.2915,NaN,NaN,NaN,0.95,0.808,0.3927
2025-09-30,NaN,NaN,NaN,NaN,NaN,NaN,0.9493,0.8557,0.2638
2025-10-01,NaN,NaN,NaN,NaN,NaN,NaN,0.9606,0.8821,0.224
2025-10-02,0.498,0.4877,-0.0011,NaN,NaN,NaN,0.9699,0.6616,0.4175
2025-10-03,0.591,0.3658,0.2166,NaN,NaN,NaN,0.9732,0.6918,0.2407
2025-10-04,NaN,NaN,NaN,NaN,NaN,NaN,0.9756,0.5189,0.4263
2025-10-05,0.6929,0.2743,0.4122,NaN,NaN,NaN,0.9812,0.3891,0.5692
2025-10-07,NaN,NaN,NaN,NaN,NaN,NaN,0.9578,0.2919,0.6488
2025-10-09,0.5197,0.4553,0.0596,NaN,NaN,NaN,NaN,NaN,NaN
2025-10-10,0.3898,0.591,-0.2048,NaN,NaN,NaN,0.968,0.4598,0.3423
2025-10-11,NaN,NaN,NaN,NaN,NaN,NaN,0.726,0.5913,0.0104
2025-10-12,NaN,NaN,NaN,NaN,NaN,NaN,0.7808,0.4434,0.244
2025-10-13,NaN,NaN,NaN,NaN,NaN,NaN,0.8339,0.5773,0.1042
2025-10-14,NaN,NaN,NaN,0.7848,0.5488,0.1487,0.8753,0.433,0.328
2025-10-15,NaN,NaN,NaN,0.8313,0.6597,0.2211,NaN,NaN,NaN
2025-10-16,NaN,NaN,NaN,0.8016,0.4948,0.3439,0.902,0.5653,0.1735
2025-10-17,NaN,NaN,NaN,NaN,NaN,NaN,0.9155,0.424,0.3692
2025-10-18,0.539,0.4432,0.093,NaN,NaN,NaN,NaN,NaN,NaN
2025-10-19,NaN,NaN,NaN,NaN,NaN,NaN,0.9093,0.318,0.4996
2025-10-20,NaN,NaN,NaN,0.8285,0.6054,0.4458,NaN,NaN,NaN
2025-10-21,NaN,NaN,NaN,0.8605,0.454,0.5735,NaN,NaN,NaN
2025-10-23,NaN,NaN,NaN,NaN,NaN,NaN,0.682,0.4877,0.1255
2025-10-24,NaN,NaN,NaN,NaN,NaN,NaN,0.7603,0.6135,0.2609
2025-10-25,NaN,NaN,NaN,0.895,0.3405,0.6798,NaN,NaN,NaN
2025-10-26,NaN,NaN,NaN,0.9199,0.2554,0.7584,NaN,NaN,NaN
2025-10-27,0.654,0.3324,0.3196,0.9286,0.1915,0.8075,NaN,NaN,NaN
2025-10-28,NaN,NaN,NaN,NaN,NaN,NaN,0.8193,0.4601,0.4447
2025-10-29,NaN,NaN,NaN,NaN,NaN,NaN,0.86,0.5793,0.5354
2025-10-30,NaN,NaN,NaN,NaN,NaN,NaN,0.8812,0.4345,0.6377
2025-10-31,NaN,NaN,NaN,0.9448,0.1437,0.854,0.9102,0.3259,0.7276
2025-11-01,NaN,NaN,NaN,0.9585,0.1077,0.8904,0.9317,0.2444,0.7947
2025-11-02,NaN,NaN,NaN,NaN,NaN,NaN,0.9484,0.1833,0.8456
2025-11-03,NaN,NaN,NaN,0.9425,0.3294,0.6495,NaN,NaN,NaN
2025-11-04,0.7401,0.2493,0.4893,0.8788,0.247,0.6591,NaN,NaN,NaN
2025-11-05,NaN,NaN,NaN,NaN,NaN,NaN,0.9569,0.1375,0.8798
2025-11-06,NaN,NaN,NaN,NaN,NaN,NaN,0.7177,0.3214,0.4416
2025-11-07,NaN,NaN,NaN,0.9089,0.1853,0.7441,0.7875,0.2411,0.5804
2025-11-08,NaN,NaN,NaN,0.9311,0.139,0.8075,0.8394,0.4195,0.469
2025-11-09,NaN,NaN,NaN,0.9479,0.1042,0.8552,0.8388,0.5638,0.2285
2025-11-10,NaN,NaN,NaN,NaN,NaN,NaN,0.8776,0.4228,0.4199
2025-11-11,0.8048,0.187,0.6167,0.9608,0.0782,0.8913,0.906,0.5246,0.4862
2025-11-12,NaN,NaN,NaN,NaN,NaN,NaN,0.9128,0.3934,0.598
2025-11-13,0.8498,0.1402,0.7087,0.969,0.0586,0.9168,0.9345,0.2951,0.6983
2025-11-14,0.8856,0.2935,0.5961,0.9029,0.044,0.8638,NaN,NaN,NaN
2025-11-15,NaN,NaN,NaN,NaN,NaN,NaN,0.9465,0.2213,0.7694
2025-11-16,NaN,NaN,NaN,NaN,NaN,NaN,0.9553,0.4115,0.7583
2025-11-17,NaN,NaN,NaN,0.6772,0.2815,0.3994,0.9642,0.3086,0.8164
2025-11-18,NaN,NaN,NaN,0.5079,0.4541,0.0565,0.9712,0.4732,0.7346
2025-11-19,0.6642,0.4686,0.1986,NaN,NaN,NaN,0.9582,0.6025,0.4117
2025-11-20,NaN,NaN,NaN,NaN,NaN,NaN,0.9681,0.4518,0.5582
2025-11-21,NaN,NaN,NaN,NaN,NaN,NaN,0.9747,0.3389,0.6672
2025-11-22,0.7458,0.3514,0.3966,NaN,NaN,NaN,0.731,0.4633,0.2913
2025-11-23,0.791,0.2636,0.5291,NaN,NaN,NaN,NaN,NaN,NaN
2025-11-24,NaN,NaN,NaN,NaN,NaN,NaN,0.7959,0.3475,0.4661
2025-11-25,NaN,NaN,NaN,NaN,NaN,NaN,0.8464,0.2606,0.599
2025-11-26,0.7777,0.1977,0.5813,0.3809,0.589,-0.2061,0.8845,0.4426,0.5194
2025-11-27,NaN,NaN,NaN,0.535,0.4418,0.0948,NaN,NaN,NaN
2025-11-28,NaN,NaN,NaN,NaN,NaN,NaN,0.9122,0.3319,0.6384
2025-11-29,0.8097,0.1483,0.6624,NaN,NaN,NaN,0.9339,0.2489,0.7285
2025-12-01,NaN,NaN,NaN,NaN,NaN,NaN,0.9502,0.1867,0.7962
2025-12-02,0.8192,0.1112,0.7087,0.6509,0.3313,0.3208,0.9623,0.3893,0.4017
2025-12-03,0.6144,0.3003,0.3146,NaN,NaN,NaN,0.7217,0.5414,0.0519
2025-12-04,NaN,NaN,NaN,NaN,NaN,NaN,0.5413,0.6551,-0.2102
2025-12-05,NaN,NaN,NaN,NaN,NaN,NaN,0.6548,0.4913,0.0912
2025-12-07,0.6727,0.2252,0.4479,NaN,NaN,NaN,NaN,NaN,NaN
2025-12-08,0.7164,0.1689,0.5478,NaN,NaN,NaN,NaN,NaN,NaN
2025-12-09,NaN,NaN,NaN,NaN,NaN,NaN,0.7406,0.3685,0.3179
2025-12-10,NaN,NaN,NaN,NaN,NaN,NaN,0.8054,0.5001,0.0875
2025-12-11,0.7492,0.1267,0.6228,NaN,NaN,NaN,0.8537,0.375,0.3153
2025-12-12,0.7846,0.095,0.6898,NaN,NaN,NaN,0.6403,0.5288,-0.0111
2025-12-14,NaN,NaN,NaN,NaN,NaN,NaN,0.7128,0.6456,-0.1687
2025-12-15,NaN,NaN,NaN,NaN,NaN,NaN,0.5346,0.7136,-0.3559
2025-12-16,NaN,NaN,NaN,NaN,NaN,NaN,0.401,0.7844,-0.5162
2025-12-17,NaN,NaN,NaN,0.4882,0.4982,-0.0092,0.546,0.5883,-0.1418
2025-12-18,NaN,NaN,NaN,NaN,NaN,NaN,0.5848,0.6901,-0.1001
2025-12-19,NaN,NaN,NaN,NaN,NaN,NaN,0.6884,0.5176,0.1747
2025-12-20,0.8358,0.0713,0.7647,NaN,NaN,NaN,0.7554,0.3882,0.3702
2025-12-21,0.8746,0.0534,0.8212,NaN,NaN,NaN,NaN,NaN,NaN
2025-12-22,0.6559,0.2897,0.3663,NaN,NaN,NaN,0.8141,0.5407,0.4157
2025-12-23,0.492,0.3679,0.1241,NaN,NaN,NaN,0.8598,0.4055,0.561
2025-12-24,NaN,NaN,NaN,NaN,NaN,NaN,0.8888,0.3042,0.6647
2025-12-25,NaN,NaN,NaN,NaN,NaN,NaN,0.9099,0.4696,0.6865
2025-12-26,NaN,NaN,NaN,NaN,NaN,NaN,0.9257,0.6011,0.5763
2025-12-27,0.6173,0.2759,0.3415,NaN,NaN,NaN,0.942,0.4508,0.68
2025-12-28,NaN,NaN,NaN,NaN,NaN,NaN,0.7065,0.5019,0.3462
2025-12-30,NaN,NaN,NaN,NaN,NaN,NaN,0.7775,0.3764,0.5072
2025-12-31,NaN,NaN,NaN,NaN,NaN,NaN,0.8324,0.2823,0.6297
2026-01-01,NaN,NaN,NaN,NaN,NaN,NaN,0.8658,0.2117,0.7138
2026-01-02,0.7127,0.2069,0.5058,NaN,NaN,NaN,NaN,NaN,NaN
2026-01-03,0.7842,0.1552,0.629,NaN,NaN,NaN,0.8976,0.4032,0.6902
2026-01-04,0.834,0.3646,0.6912,NaN,NaN,NaN,0.916,0.546,0.662
2026-01-05,0.8713,0.2734,0.7642,NaN,NaN,NaN,0.687,0.5922,0.3138
2026-01-06,NaN,NaN,NaN,NaN,NaN,NaN,0.5152,0.6902,-0.0107
2026-01-07,NaN,NaN,NaN,NaN,NaN,NaN,0.6249,0.7513,0.0736
2026-01-08,NaN,NaN,NaN,NaN,NaN,NaN,0.7097,0.8112,0.1987
2026-01-09,0.8926,0.2051,0.8123,NaN,NaN,NaN,0.7806,0.6084,0.3973
2026-01-10,0.91,0.1538,0.8497,NaN,NaN,NaN,0.835,0.4563,0.5476
2026-01-11,NaN,NaN,NaN,NaN,NaN,NaN,0.8747,0.3422,0.6591
2026-01-12,0.9264,0.1154,0.8812,NaN,NaN,NaN,0.8866,0.2567,0.7249
2026-01-13,0.6948,0.3359,0.4115,NaN,NaN,NaN,0.9039,0.1925,0.7827
2026-01-14,NaN,NaN,NaN,NaN,NaN,NaN,0.903,0.1444,0.812
2026-01-15,NaN,NaN,NaN,NaN,NaN,NaN,0.9208,0.2482,0.7864
2026-01-16,NaN,NaN,NaN,NaN,NaN,NaN,0.9402,0.4355,0.6963
2026-01-17,NaN,NaN,NaN,0.3662,0.6196,-0.2528,NaN,NaN,NaN
2026-01-18,NaN,NaN,NaN,NaN,NaN,NaN,0.9402,0.3266,0.7573
2026-01-19,NaN,NaN,NaN,NaN,NaN,NaN,0.9548,0.245,0.8176
2026-01-20,0.7681,0.2519,0.5557,0.4222,0.4647,-0.0419,0.9654,0.4323,0.7595
2026-01-22,NaN,NaN,NaN,NaN,NaN,NaN,0.9711,0.3242,0.8166
2026-01-23,0.7014,0.4375,0.3287,0.5512,0.3485,0.2031,NaN,NaN,NaN
2026-01-24,0.526,0.5777,-0.003,NaN,NaN,NaN,NaN,NaN,NaN
2026-01-25,NaN,NaN,NaN,NaN,NaN,NaN,0.9322,0.4912,0.4796
2026-01-26,0.644,0.4333,0.2472,NaN,NaN,NaN,NaN,NaN,NaN
2026-01-27,0.7124,0.4892,0.1059,0.6623,0.2614,0.4012,0.6991,0.6175,0.1105
2026-01-28,0.5343,0.5311,-0.0848,NaN,NaN,NaN,0.7715,0.4631,0.33
2026-01-29,NaN,NaN,NaN,0.7373,0.196,0.5415,0.8275,0.597,0.3002
2026-01-31,NaN,NaN,NaN,0.553,0.3966,0.1565,NaN,NaN,NaN
2026-02-01,0.6505,0.3983,0.1861,NaN,NaN,NaN,0.6206,0.6951,-0.0222
2026-02-02,0.7239,0.4372,0.2057,NaN,NaN,NaN,0.6198,0.5213,0.1377
2026-02-04,NaN,NaN,NaN,NaN,NaN,NaN,0.4649,0.5478,-0.0535
2026-02-05,NaN,NaN,NaN,0.6628,0.2975,0.3655,0.5983,0.4108,0.2095
2026-02-06,NaN,NaN,NaN,NaN,NaN,NaN,0.6977,0.3081,0.4061
2026-02-08,NaN,NaN,NaN,NaN,NaN,NaN,0.5233,0.4586,0.0771
2026-02-10,NaN,NaN,NaN,NaN,NaN,NaN,0.6411,0.5888,-0.0005
2026-02-11,NaN,NaN,NaN,NaN,NaN,NaN,0.7295,0.691,-0.0807
2026-02-12,NaN,NaN,NaN,NaN,NaN,NaN,0.7968,0.5182,0.1891
2026-02-16,NaN,NaN,NaN,NaN,NaN,NaN,0.8449,0.3887,0.3892
2026-02-22,NaN,NaN,NaN,NaN,NaN,NaN,0.6337,0.533,0.0504
2026-02-23,NaN,NaN,NaN,NaN,NaN,NaN,0.6933,0.3997,0.2558
2026-02-24,0.543,0.4694,0.0128,NaN,NaN,NaN,0.7643,0.2998,0.4362
2026-02-25,0.6294,0.595,-0.1152,NaN,NaN,NaN,NaN,NaN,NaN
2026-02-26,NaN,NaN,NaN,NaN,NaN,NaN,0.5732,0.4745,0.0775
2026-02-27,0.7156,0.4463,0.1572,NaN,NaN,NaN,0.6787,0.3559,0.3069
2026-02-28,NaN,NaN,NaN,NaN,NaN,NaN,0.7567,0.4994,0.4621
2026-03-01,NaN,NaN,NaN,NaN,NaN,NaN,0.8151,0.3745,0.5941
2026-03-02,NaN,NaN,NaN,NaN,NaN,NaN,0.8558,0.2809,0.6901
2026-03-03,NaN,NaN,NaN,NaN,NaN,NaN,0.881,0.2107,0.7567
2026-03-04,NaN,NaN,NaN,0.7403,0.4708,0.3676,0.9104,0.158,0.8172
2026-03-05,NaN,NaN,NaN,0.8015,0.3531,0.522,0.925,0.1185,0.8551
2026-03-06,0.7857,0.4636,0.1407,0.8507,0.2648,0.6411,0.9433,0.3364,0.4374
2026-03-07,0.8387,0.3477,0.3549,NaN,NaN,NaN,0.9507,0.2523,0.5713
2026-03-09,0.8346,0.5086,0.3666,NaN,NaN,NaN,0.9616,0.1892,0.6771
2026-03-10,0.875,0.6304,0.2747,NaN,NaN,NaN,NaN,NaN,NaN
2026-03-11,0.9054,0.4728,0.4552,NaN,NaN,NaN,0.9663,0.3903,0.4622
2026-03-12,0.9184,0.5867,0.4411,NaN,NaN,NaN,0.9717,0.5383,0.4405
2026-03-13,NaN,NaN,NaN,NaN,NaN,NaN,0.9751,0.4037,0.5767
2026-03-16,NaN,NaN,NaN,NaN,NaN,NaN,0.9802,0.3028,0.6814
2026-03-17,NaN,NaN,NaN,NaN,NaN,NaN,0.9848,0.4562,0.6825
2026-03-18,0.9377,0.6898,0.5373,0.6381,0.422,0.2575,0.9819,0.3421,0.7551
2026-03-19,0.7033,0.7663,0.154,0.7266,0.5659,0.1274,0.9836,0.5057,0.7882
2026-03-20,0.7762,0.5747,0.3643,NaN,NaN,NaN,0.985,0.6284,0.7328
2026-03-21,0.8306,0.431,0.5217,NaN,NaN,NaN,0.9872,0.7204,0.425
2026-03-22,0.623,0.5728,0.1418,NaN,NaN,NaN,0.9894,0.7895,0.4466
2026-03-23,NaN,NaN,NaN,NaN,NaN,NaN,0.9907,0.5921,0.5836
2026-03-24,NaN,NaN,NaN,NaN,NaN,NaN,0.9906,0.4441,0.6853
2026-03-25,NaN,NaN,NaN,NaN,NaN,NaN,0.9883,0.5795,0.584
2026-03-26,NaN,NaN,NaN,NaN,NaN,NaN,0.9426,0.678,0.601
2026-03-27,NaN,NaN,NaN,NaN,NaN,NaN,0.9521,0.5085,0.6959
2026-03-28,0.7152,0.4296,0.3543,NaN,NaN,NaN,0.9619,0.3814,0.7697
2026-03-30,NaN,NaN,NaN,NaN,NaN,NaN,0.9705,0.286,0.8264
2026-03-31,NaN,NaN,NaN,NaN,NaN,NaN,0.9776,0.2145,0.8695
2026-04-01,NaN,NaN,NaN,NaN,NaN,NaN,0.9829,0.1609,0.9019
2026-04-03,NaN,NaN,NaN,NaN,NaN,NaN,0.9827,0.1207,0.9219
2026-04-07,0.7844,0.3222,0.5137,NaN,NaN,NaN,0.737,0.3143,0.4676
2026-04-08,NaN,NaN,NaN,NaN,NaN,NaN,0.7993,0.2357,0.5973
2026-04-09,NaN,NaN,NaN,NaN,NaN,NaN,0.8452,0.1768,0.6936
2026-04-10,0.8307,0.2417,0.6277,NaN,NaN,NaN,0.8807,0.3816,0.7347
2026-04-11,NaN,NaN,NaN,NaN,NaN,NaN,0.9076,0.2862,0.7982
2026-04-12,NaN,NaN,NaN,NaN,NaN,NaN,0.9304,0.2146,0.8483
2026-04-13,NaN,NaN,NaN,NaN,NaN,NaN,0.9471,0.161,0.8855
2026-04-15,0.8724,0.1812,0.7201,NaN,NaN,NaN,0.9562,0.1207,0.91
2026-04-16,NaN,NaN,NaN,NaN,NaN,NaN,0.9632,0.2918,0.7577
2026-04-17,NaN,NaN,NaN,NaN,NaN,NaN,0.9714,0.3971,0.8056
2026-04-18,NaN,NaN,NaN,NaN,NaN,NaN,0.9699,0.5201,0.6383
2026-04-19,NaN,NaN,NaN,NaN,NaN,NaN,0.9692,0.6397,0.6554
2026-04-20,NaN,NaN,NaN,NaN,NaN,NaN,0.9761,0.7293,0.538
2026-04-21,NaN,NaN,NaN,NaN,NaN,NaN,0.9819,0.547,0.6534
2026-04-22,NaN,NaN,NaN,NaN,NaN,NaN,0.9822,0.4102,0.7358
2026-04-23,NaN,NaN,NaN,NaN,NaN,NaN,0.9865,0.3077,0.8017
2026-04-24,NaN,NaN,NaN,NaN,NaN,NaN,0.9753,0.2308,0.8367
2026-04-26,NaN,NaN,NaN,NaN,NaN,NaN,0.7315,0.42,0.3806
2026-04-27,NaN,NaN,NaN,NaN,NaN,NaN,0.7923,0.315,0.5292
2026-04-28,0.6543,0.341,0.335,NaN,NaN,NaN,0.8435,0.2362,0.6462
2026-04-29,0.4907,0.4608,0.0462,0.7409,0.4244,0.2916,0.8797,0.1772,0.7317
2026-04-30,NaN,NaN,NaN,NaN,NaN,NaN,0.9087,0.1329,0.7977
2026-05-01,NaN,NaN,NaN,NaN,NaN,NaN,0.931,0.0997,0.8478
2026-05-02,NaN,NaN,NaN,NaN,NaN,NaN,0.9481,0.0747,0.8857
2026-05-04,NaN,NaN,NaN,NaN,NaN,NaN,0.9604,0.0561,0.9135
2026-05-06,NaN,NaN,NaN,NaN,NaN,NaN,0.9702,0.042,0.9351
2026-05-08,NaN,NaN,NaN,NaN,NaN,NaN,0.9734,0.2692,0.8214
2026-05-09,NaN,NaN,NaN,0.5557,0.4854,0.0516,0.9708,0.2019,0.8569
2026-05-11,NaN,NaN,NaN,NaN,NaN,NaN,0.9779,0.1514,0.8925
2026-05-12,0.6119,0.5471,-0.0994,NaN,NaN,NaN,NaN,NaN,NaN
2026-05-13,NaN,NaN,NaN,NaN,NaN,NaN,0.9808,0.1136,0.9167
2026-05-14,0.7076,0.4103,0.1742,NaN,NaN,NaN,0.9851,0.3346,0.8684
2026-05-15,NaN,NaN,NaN,NaN,NaN,NaN,0.9879,0.251,0.9003
2026-05-16,NaN,NaN,NaN,NaN,NaN,NaN,0.9898,0.1882,0.9242
2026-05-17,NaN,NaN,NaN,NaN,NaN,NaN,0.9638,0.3902,0.8409
2026-05-18,NaN,NaN,NaN,NaN,NaN,NaN,0.9476,0.2926,0.8554
2026-05-19,NaN,NaN,NaN,NaN,NaN,NaN,0.9597,0.2195,0.8906
2026-05-20,NaN,NaN,NaN,0.4168,0.5266,-0.1239,0.9681,0.1646,0.9162
2026-05-21,0.7801,0.3078,0.38,0.5603,0.6439,0.0805,0.9623,0.1235,0.9234
2026-05-22,NaN,NaN,NaN,NaN,NaN,NaN,0.9482,0.3384,0.8409
2026-05-23,NaN,NaN,NaN,NaN,NaN,NaN,0.9609,0.2538,0.8805
2026-05-24,NaN,NaN,NaN,NaN,NaN,NaN,0.9705,0.1903,0.9101
2026-05-26,NaN,NaN,NaN,NaN,NaN,NaN,0.9774,0.1428,0.9321
2026-05-27,0.8328,0.2308,0.5327,0.4202,0.7322,-0.1889,0.9771,0.265,0.8997
2026-05-28,NaN,NaN,NaN,NaN,NaN,NaN,0.9828,0.1988,0.9247
2026-05-29,NaN,NaN,NaN,0.5644,0.5491,0.1075,0.7371,0.3979,0.4447
2026-05-31,NaN,NaN,NaN,0.6619,0.4119,0.3192,NaN,NaN,NaN
2026-06-01,0.8741,0.1731,0.6491,NaN,NaN,NaN,NaN,NaN,NaN
2026-06-02,NaN,NaN,NaN,NaN,NaN,NaN,0.8015,0.2984,0.5822
2026-06-03,0.9038,0.1298,0.735,NaN,NaN,NaN,NaN,NaN,NaN
2026-06-05,NaN,NaN,NaN,NaN,NaN,NaN,0.8506,0.2238,0.6862
2026-06-06,NaN,NaN,NaN,NaN,NaN,NaN,0.8877,0.1678,0.7644
2026-06-07,NaN,NaN,NaN,NaN,NaN,NaN,0.8695,0.1259,0.777
2026-06-09,0.8951,0.0974,0.7685,0.7076,0.3089,0.4506,NaN,NaN,NaN
2026-06-10,NaN,NaN,NaN,0.6788,0.2317,0.486,0.8948,0.0944,0.8254
2026-06-11,NaN,NaN,NaN,NaN,NaN,NaN,0.9178,0.0708,0.8657
2026-06-12,NaN,NaN,NaN,NaN,NaN,NaN,0.6883,0.3028,0.3996
2026-06-13,NaN,NaN,NaN,0.5091,0.4127,0.1256,0.7649,0.4658,0.1401
2026-06-14,NaN,NaN,NaN,NaN,NaN,NaN,0.7711,0.5582,0.2322
2026-06-15,NaN,NaN,NaN,0.5729,0.3095,0.2853,0.8283,0.5742,0.1457
2026-06-16,NaN,NaN,NaN,NaN,NaN,NaN,0.8707,0.5915,0.1933
2026-06-17,NaN,NaN,NaN,0.6769,0.2321,0.4612,0.9014,0.4436,0.3933
2026-06-18,NaN,NaN,NaN,NaN,NaN,NaN,0.676,0.5822,0.0454
2026-06-20,NaN,NaN,NaN,NaN,NaN,NaN,0.7031,0.4367,0.2301
2026-06-21,NaN,NaN,NaN,NaN,NaN,NaN,0.7555,0.3275,0.4008
2026-06-22,NaN,NaN,NaN,0.5077,0.4233,0.0967,0.7918,0.2456,0.5258
2026-06-23,0.8498,0.073,0.7549,0.3808,0.5667,-0.1767,NaN,NaN,NaN
2026-06-24,NaN,NaN,NaN,NaN,NaN,NaN,0.8435,0.1842,0.6439
2026-06-25,0.6374,0.2986,0.3223,0.2856,0.6226,-0.3301,NaN,NaN,NaN
2026-06-26,0.478,0.4678,-0.0021,NaN,NaN,NaN,NaN,NaN,NaN
2026-06-27,NaN,NaN,NaN,NaN,NaN,NaN,0.6326,0.3868,0.2343
2026-06-28,NaN,NaN,NaN,NaN,NaN,NaN,0.7173,0.2901,0.4186
2026-06-29,0.5993,0.3509,0.2392,NaN,NaN,NaN,0.7861,0.3521,0.2544
2026-06-30,NaN,NaN,NaN,NaN,NaN,NaN,0.5896,0.5134,-0.0585
2026-07-01,0.6987,0.2631,0.4286,NaN,NaN,NaN,0.6868,0.3851,0.2007
2026-07-02,NaN,NaN,NaN,NaN,NaN,NaN,0.7632,0.2888,0.3986
2026-07-03,NaN,NaN,NaN,0.2142,0.7149,-0.4956,0.8216,0.4659,0.2421
2026-07-04,NaN,NaN,NaN,NaN,NaN,NaN,0.6162,0.5987,-0.0677
2026-07-08,NaN,NaN,NaN,0.1606,0.7849,-0.6204,0.7108,0.6475,0.0373
2026-07-09,NaN,NaN,NaN,NaN,NaN,NaN,0.7812,0.733,0.1026
2026-07-10,NaN,NaN,NaN,NaN,NaN,NaN,0.8351,0.5497,0.3262
2026-07-11,NaN,NaN,NaN,NaN,NaN,NaN,0.8687,0.6538,0.396
2026-07-12,NaN,NaN,NaN,NaN,NaN,NaN,0.8898,0.4904,0.5353
2026-07-13,NaN,NaN,NaN,NaN,NaN,NaN,0.9165,0.3678,0.6506
2026-07-14,NaN,NaN,NaN,NaN,NaN,NaN,0.9142,0.2758,0.7148
2026-07-15,NaN,NaN,NaN,0.3651,0.5887,-0.2207,0.9352,0.456,0.4149
2026-07-16,NaN,NaN,NaN,NaN,NaN,NaN,0.9497,0.342,0.5594
2026-07-17,NaN,NaN,NaN,NaN,NaN,NaN,0.9612,0.4954,0.5029
2026-07-19,NaN,NaN,NaN,NaN,NaN,NaN,0.9705,0.3716,0.6269
2026-07-21,NaN,NaN,NaN,NaN,NaN,NaN,0.977,0.2787,0.7192
2026-07-22,NaN,NaN,NaN,NaN,NaN,NaN,0.9423,0.209,0.749
2026-07-24,0.524,0.4462,0.0726,NaN,NaN,NaN,0.956,0.1568,0.811
2026-07-25,NaN,NaN,NaN,NaN,NaN,NaN,0.9631,0.1176,0.8543
2026-07-27,0.6417,0.3346,0.3031,0.5216,0.4415,0.0823,0.9701,0.0882,0.8885
2026-07-28,NaN,NaN,NaN,0.6402,0.3311,0.3107,0.9763,0.0661,0.9151
2026-07-29,NaN,NaN,NaN,NaN,NaN,NaN,0.9806,0.2978,0.7809
2026-07-30,NaN,NaN,NaN,NaN,NaN,NaN,0.9802,0.4731,0.8031
2026-07-31,0.4813,0.5,-0.0217,NaN,NaN,NaN,0.9802,0.6046,0.8102
2026-08-02,NaN,NaN,NaN,NaN,NaN,NaN,0.9222,0.6882,0.5721
2026-08-03,NaN,NaN,NaN,NaN,NaN,NaN,0.6916,0.7289,0.2163
2026-08-04,NaN,NaN,NaN,NaN,NaN,NaN,0.7684,0.5467,0.4119
2026-08-05,NaN,NaN,NaN,NaN,NaN,NaN,0.5763,0.6589,0.0601
2026-08-06,0.6033,0.375,0.2261,NaN,NaN,NaN,0.6683,0.4941,0.2811
2026-08-07,NaN,NaN,NaN,NaN,NaN,NaN,0.7469,0.3706,0.4566
2026-08-08,NaN,NaN,NaN,NaN,NaN,NaN,0.5602,0.5261,0.0943
2026-08-10,NaN,NaN,NaN,0.7299,0.2484,0.4828,0.6679,0.3946,0.3184
2026-08-11,NaN,NaN,NaN,NaN,NaN,NaN,0.7507,0.2959,0.4886
2026-08-12,0.6981,0.2813,0.4152,NaN,NaN,NaN,0.81,0.222,0.6134
2026-08-13,NaN,NaN,NaN,NaN,NaN,NaN,0.8563,0.1665,0.7089
2026-08-16,NaN,NaN,NaN,0.7963,0.1863,0.6109,0.8908,0.1249,0.7802
2026-08-17,NaN,NaN,NaN,0.846,0.1397,0.707,NaN,NaN,NaN
2026-08-18,0.7695,0.2109,0.5573,NaN,NaN,NaN,0.9129,0.0936,0.8299
2026-08-19,NaN,NaN,NaN,NaN,NaN,NaN,0.9329,0.0702,0.8707
2026-08-20,NaN,NaN,NaN,NaN,NaN,NaN,0.9491,0.3016,0.499
2026-08-21,NaN,NaN,NaN,NaN,NaN,NaN,0.9586,0.2262,0.621
2026-08-23,NaN,NaN,NaN,0.816,0.1048,0.7117,0.9685,0.1697,0.7153
2026-08-24,NaN,NaN,NaN,0.853,0.0786,0.7748,0.9593,0.373,0.6852
2026-08-25,NaN,NaN,NaN,NaN,NaN,NaN,0.9531,0.2797,0.7475
2026-08-26,NaN,NaN,NaN,NaN,NaN,NaN,0.9639,0.2098,0.8097
2026-08-28,NaN,NaN,NaN,NaN,NaN,NaN,0.7229,0.3426,0.422
2026-08-29,NaN,NaN,NaN,NaN,NaN,NaN,0.7726,0.257,0.5469
2026-08-30,NaN,NaN,NaN,NaN,NaN,NaN,0.8171,0.1927,0.6478
2026-08-31,NaN,NaN,NaN,NaN,NaN,NaN,0.8627,0.1445,0.7357
