date,pos_sentiment,neg_sentiment,net_sentiment,topic_count,pos_heat,neg_heat,total_heat,pos_sentiment_smooth,neg_sentiment_smooth,net_sentiment_smooth
2024-06-01,0.9992,0.0,0.9992,2,536376,0,536376,0.9992,0.0,0.9992
2024-06-02,0.0,0.9889,-0.9889,1,0,372133,372133,0.7494,0.2472,0.5022
2024-06-05,0.9858,0.0,0.9858,1,97552,0,97552,0.8085,0.1854,0.6231
2024-06-07,0.8768,0.0,0.8768,1,264371,0,264371,0.8256,0.1391,0.6865
2024-06-08,0.9626,0.0,0.9626,2,295145,0,295145,0.8598,0.1043,0.7555
2024-06-11,0.953,0.0,0.953,1,200773,0,200773,0.8831,0.0782,0.8049
2024-06-12,0.9982,0.0,0.9982,1,173513,0,173513,0.9119,0.0587,0.8532
2024-06-15,0.9892,0.0,0.9892,2,509393,0,509393,0.9312,0.044,0.8872
2024-06-17,0.9992,0.9976,0.3772,5,921286,416894,1338180,0.9482,0.2824,0.7597
2024-06-18,0.9518,0.9564,0.6924,4,856336,134742,991078,0.9491,0.4509,0.7429
2024-06-19,0.0,0.9984,-0.9984,1,0,186336,186336,0.7118,0.5878,0.3076
2024-06-23,0.9967,0.0,0.9967,1,663865,0,663865,0.783,0.4408,0.4798
2024-07-02,0.5519,0.0,0.5519,1,220005,0,220005,0.7253,0.3306,0.4979
2024-07-10,0.9926,0.0,0.9926,1,243718,0,243718,0.7921,0.248,0.6215
2024-07-11,0.9926,0.0,0.9926,1,117621,0,117621,0.8422,0.186,0.7143
2024-07-16,0.9982,0.0,0.9982,1,170091,0,170091,0.8812,0.1395,0.7853
2024-07-27,0.9991,0.0,0.9991,1,860090,0,860090,0.9107,0.1046,0.8387
2024-08-30,0.0,0.7662,-0.7662,2,0,1921278,1921278,0.683,0.27,0.4375
2024-09-07,0.9985,0.0,0.9985,1,378876,0,378876,0.7619,0.2025,0.5778
2024-09-10,0.9811,0.0,0.9811,1,114917,0,114917,0.8167,0.1519,0.6786
2024-09-13,0.0,0.6635,-0.6635,1,0,529881,529881,0.6125,0.2798,0.3431
2024-09-14,0.8545,0.9922,0.0266,2,457154,371476,828630,0.673,0.4579,0.2639
2024-09-15,0.0,0.998,-0.998,1,0,162900,162900,0.5048,0.5929,-0.0515
2024-09-19,0.9994,0.0,0.9994,1,194532,0,194532,0.6284,0.4447,0.2112
2024-09-26,0.8119,0.0,0.8119,1,108764,0,108764,0.6743,0.3335,0.3614
2024-10-12,0.9341,0.0,0.9341,3,1024795,0,1024795,0.7392,0.2501,0.5046
2024-10-14,0.989,0.0,0.989,3,1299023,0,1299023,0.8017,0.1876,0.6257
2024-10-16,0.9385,0.0,0.9385,1,279431,0,279431,0.8359,0.1407,0.7039
2024-10-18,0.86,0.0,0.86,1,355172,0,355172,0.8419,0.1055,0.7429
2024-10-20,0.9983,0.0,0.9983,1,350422,0,350422,0.881,0.0791,0.8068
2024-10-21,0.9928,0.9842,0.8079,7,1937370,199924,2137294,0.909,0.3054,0.807
2024-10-23,0.9974,0.0,0.9974,1,193093,0,193093,0.9311,0.2291,0.8546
2024-10-25,0.9901,0.0,0.9901,1,239439,0,239439,0.9458,0.1718,0.8885
2024-10-28,0.9201,0.0,0.9201,2,963134,0,963134,0.9394,0.1288,0.8964
2024-10-30,0.8759,0.0,0.8759,1,360211,0,360211,0.9235,0.0966,0.8913
2024-10-31,0.9955,0.9976,0.5658,7,1729246,475299,2204545,0.9415,0.3219,0.8099
2024-11-03,0.9982,0.9897,0.7413,4,1160119,172164,1332283,0.9557,0.4888,0.7928
2024-11-10,0.9262,0.0,0.9262,6,2287211,0,2287211,0.9483,0.3666,0.8261
2024-11-11,0.9975,0.9839,0.3344,6,1372969,690514,2063483,0.9606,0.5209,0.7032
2024-11-29,0.9955,0.0,0.9955,1,240675,0,240675,0.9693,0.3907,0.7763
2024-12-06,0.8707,0.0,0.8707,1,410425,0,410425,0.9447,0.293,0.7999
2024-12-07,0.0,0.9757,-0.9757,1,0,180651,180651,0.7085,0.4637,0.356
2024-12-08,0.0,0.9757,-0.9757,1,0,117231,117231,0.5314,0.5917,0.0231
2024-12-12,0.0,0.9799,-0.9799,1,0,926977,926977,0.3985,0.6887,-0.2277
2024-12-14,0.0,0.9985,-0.9985,2,0,276170,276170,0.2989,0.7662,-0.4204
2024-12-17,0.0,0.9962,-0.9962,1,0,659100,659100,0.2242,0.8237,-0.5643
2025-01-01,0.0,0.9926,-0.9926,1,0,128706,128706,0.1681,0.8659,-0.6714
2025-02-05,0.0,0.9986,-0.9986,1,0,221186,221186,0.1261,0.8991,-0.7532
2025-02-06,0.0,0.9936,-0.9936,1,0,324870,324870,0.0946,0.9227,-0.8133
2025-02-11,0.9893,0.0,0.9893,2,508609,0,508609,0.3183,0.692,-0.3627
2025-02-12,0.9872,0.0,0.9872,2,444438,0,444438,0.4855,0.519,-0.0252
2025-02-13,0.992,0.0,0.992,1,369213,0,369213,0.6121,0.3893,0.2291
2025-02-21,0.9916,0.5547,0.5402,3,675895,278681,954576,0.707,0.4306,0.3069
2025-02-25,0.0,0.9984,-0.9984,1,0,107628,107628,0.5302,0.5726,-0.0194
2025-03-13,0.9992,0.0,0.9992,2,519471,0,519471,0.6475,0.4294,0.2352
2025-03-18,0.9966,0.0,0.9966,1,299862,0,299862,0.7348,0.3221,0.4256
2025-03-19,0.9734,0.0,0.9734,1,203429,0,203429,0.7944,0.2416,0.5625
2025-03-25,0.0,0.639,-0.639,1,0,142776,142776,0.5958,0.3409,0.2621
2025-04-10,0.9976,0.0,0.9976,1,175007,0,175007,0.6963,0.2557,0.446
2025-04-25,0.0,0.9955,-0.9955,1,0,246505,246505,0.5222,0.4406,0.0856
2025-04-28,0.9949,0.0,0.9949,1,488100,0,488100,0.6404,0.3305,0.3129
2025-05-09,0.8311,0.0,0.8311,1,184780,0,184780,0.6881,0.2479,0.4425
2025-05-10,0.6612,0.0,0.6612,2,163121,0,163121,0.6813,0.1859,0.4972
2025-05-12,0.97,0.0,0.97,1,238833,0,238833,0.7535,0.1394,0.6154
2025-05-13,0.9644,0.0,0.9644,3,1018250,0,1018250,0.8062,0.1046,0.7026
2025-05-15,0.9887,0.0,0.9887,1,544025,0,544025,0.8518,0.0784,0.7741
2025-05-16,0.9952,0.996,0.5329,4,927952,280582,1208534,0.8877,0.3078,0.7138
2025-05-18,0.0,0.9988,-0.9988,1,0,364427,364427,0.6658,0.4806,0.2857
2025-05-19,0.9989,0.0,0.9989,3,603702,0,603702,0.749,0.3604,0.464
2025-05-20,0.9987,0.0,0.9987,1,285118,0,285118,0.8115,0.2703,0.5977
2025-05-21,0.0,0.9292,-0.9292,1,0,311910,311910,0.6086,0.435,0.2159
2025-05-22,0.9976,0.0,0.9976,1,507645,0,507645,0.7058,0.3263,0.4114
2025-05-23,0.9989,0.0,0.9989,1,375358,0,375358,0.7791,0.2447,0.5582
2025-05-24,0.9907,0.0,0.9907,1,292524,0,292524,0.832,0.1835,0.6664
2025-05-26,0.999,0.0,0.999,1,304344,0,304344,0.8738,0.1376,0.7495
2025-05-27,0.9984,0.0,0.9984,1,558594,0,558594,0.9049,0.1032,0.8117
2025-05-28,0.9902,0.0,0.9902,7,2174678,0,2174678,0.9262,0.0774,0.8564
2025-05-29,0.9779,0.9992,0.5647,4,722519,190909,913428,0.9392,0.3079,0.7834
2025-05-30,0.9986,0.0,0.9986,5,911174,0,911174,0.954,0.2309,0.8372
2025-05-31,0.7838,0.7987,-0.5497,6,243816,1305592,1549408,0.9115,0.3729,0.4905
2025-06-01,0.9879,0.0,0.9879,1,132272,0,132272,0.9306,0.2796,0.6148
2025-06-09,0.9102,0.0,0.9102,2,732011,0,732011,0.9255,0.2097,0.6887
2025-06-11,0.0,0.9946,-0.9946,1,0,430728,430728,0.6941,0.4059,0.2679
2025-06-12,0.997,0.9946,0.2991,3,325108,175392,500500,0.7698,0.5531,0.2757
2025-06-13,0.9946,0.997,0.5281,2,171621,52498,224119,0.826,0.6641,0.3388
2025-06-16,0.9992,0.0,0.9992,1,196739,0,196739,0.8693,0.4981,0.5039
2025-06-17,0.9679,0.8729,0.7804,7,1988333,225475,2213808,0.894,0.5918,0.573
2025-06-18,0.9842,0.9941,0.5909,9,2679904,664876,3344780,0.9165,0.6924,0.5775
2025-06-19,0.9984,0.0,0.9984,3,524051,0,524051,0.937,0.5193,0.6827
2025-06-20,0.9502,0.0,0.9502,1,319157,0,319157,0.9403,0.3894,0.7496
2025-06-27,0.0,0.9899,-0.9899,1,0,151193,151193,0.7052,0.5396,0.3147
2025-06-30,0.0,0.9987,-0.9987,1,0,287064,287064,0.5289,0.6543,-0.0136
2025-07-01,0.59,0.0,0.59,1,328820,0,328820,0.5442,0.4908,0.1373
2025-08-14,0.0,0.6984,-0.6984,1,0,83968,83968,0.4081,0.5427,-0.0716
2025-08-18,0.9948,0.0,0.9948,1,302519,0,302519,0.5548,0.407,0.195
2025-08-26,0.8993,0.0,0.8993,1,207520,0,207520,0.6409,0.3053,0.371
2025-08-30,0.9899,0.0,0.9899,1,193441,0,193441,0.7282,0.2289,0.5258
2025-09-09,0.967,0.0,0.967,1,198403,0,198403,0.7879,0.1717,0.6361
2025-09-10,0.9986,0.9976,0.2128,2,205238,133246,338484,0.8406,0.3782,0.5303
2025-09-11,0.0,0.9976,-0.9976,1,0,207977,207977,0.6304,0.533,0.1483
2025-09-24,0.9742,0.0,0.9742,1,198332,0,198332,0.7164,0.3998,0.3548
2025-10-14,0.9903,0.9958,-0.4694,2,473640,1313315,1786955,0.7848,0.5488,0.1487
2025-10-15,0.9708,0.9926,0.4383,6,714509,265889,980398,0.8313,0.6597,0.2211
2025-10-16,0.7124,0.0,0.7124,1,216121,0,216121,0.8016,0.4948,0.3439
2025-10-20,0.9091,0.937,0.7515,7,1710604,159645,1870249,0.8285,0.6054,0.4458
2025-10-21,0.9564,0.0,0.9564,2,348320,0,348320,0.8605,0.454,0.5735
2025-10-25,0.9986,0.0,0.9986,1,92175,0,92175,0.895,0.3405,0.6798
2025-10-26,0.9945,0.0,0.9945,1,166970,0,166970,0.9199,0.2554,0.7584
2025-10-27,0.9547,0.0,0.9547,2,462905,0,462905,0.9286,0.1915,0.8075
2025-10-31,0.9934,0.0,0.9934,4,683314,0,683314,0.9448,0.1437,0.854
2025-11-01,0.9995,0.0,0.9995,1,198631,0,198631,0.9585,0.1077,0.8904
2025-11-03,0.8947,0.9943,-0.0729,2,108737,114178,222915,0.9425,0.3294,0.6495
2025-11-04,0.6877,0.0,0.6877,1,132008,0,132008,0.8788,0.247,0.6591
2025-11-07,0.9992,0.0,0.9992,2,389638,0,389638,0.9089,0.1853,0.7441
2025-11-08,0.9978,0.0,0.9978,1,135526,0,135526,0.9311,0.139,0.8075
2025-11-09,0.998,0.0,0.998,1,231512,0,231512,0.9479,0.1042,0.8552
2025-11-11,0.9996,0.0,0.9996,1,88313,0,88313,0.9608,0.0782,0.8913
2025-11-13,0.9935,0.0,0.9935,2,801857,0,801857,0.969,0.0586,0.9168
2025-11-14,0.7048,0.0,0.7048,2,183492,0,183492,0.9029,0.044,0.8638
2025-11-17,0.0,0.9939,-0.9939,2,0,494987,494987,0.6772,0.2815,0.3994
2025-11-18,0.0,0.9722,-0.9722,1,0,297137,297137,0.5079,0.4541,0.0565
2025-11-26,0.0,0.9937,-0.9937,1,0,98798,98798,0.3809,0.589,-0.2061
2025-11-27,0.9973,0.0,0.9973,1,363351,0,363351,0.535,0.4418,0.0948
2025-12-02,0.9987,0.0,0.9987,1,560298,0,560298,0.6509,0.3313,0.3208
2025-12-17,0.0,0.999,-0.999,1,0,235574,235574,0.4882,0.4982,-0.0092
2026-01-17,0.0,0.9835,-0.9835,1,0,111089,111089,0.3662,0.6196,-0.2528
2026-01-20,0.5905,0.0,0.5905,1,221362,0,221362,0.4222,0.4647,-0.0419
2026-01-23,0.9381,0.0,0.9381,1,139833,0,139833,0.5512,0.3485,0.2031
2026-01-27,0.9954,0.0,0.9954,1,72975,0,72975,0.6623,0.2614,0.4012
2026-01-29,0.9626,0.0,0.9626,1,116144,0,116144,0.7373,0.196,0.5415
2026-01-31,0.0,0.9985,-0.9985,1,0,99110,99110,0.553,0.3966,0.1565
2026-02-05,0.9923,0.0,0.9923,1,139246,0,139246,0.6628,0.2975,0.3655
2026-03-04,0.9726,0.9909,0.3741,3,455474,199727,655201,0.7403,0.4708,0.3676
2026-03-05,0.9851,0.0,0.9851,1,649638,0,649638,0.8015,0.3531,0.522
2026-03-06,0.9985,0.0,0.9985,1,256225,0,256225,0.8507,0.2648,0.6411
2026-03-18,0.0,0.8933,-0.8933,1,0,72435,72435,0.6381,0.422,0.2575
2026-03-19,0.9922,0.9976,-0.2628,2,62442,106642,169084,0.7266,0.5659,0.1274
2026-04-29,0.7839,0.0,0.7839,1,280819,0,280819,0.7409,0.4244,0.2916
2026-05-09,0.0,0.6683,-0.6683,1,0,145082,145082,0.5557,0.4854,0.0516
2026-05-20,0.0,0.6502,-0.6502,1,0,442214,442214,0.4168,0.5266,-0.1239
2026-05-21,0.991,0.9958,0.6935,6,1360923,239679,1600602,0.5603,0.6439,0.0805
2026-05-27,0.0,0.9971,-0.9971,1,0,689346,689346,0.4202,0.7322,-0.1889
2026-05-29,0.9967,0.0,0.9967,1,342841,0,342841,0.5644,0.5491,0.1075
2026-05-31,0.9544,0.0,0.9544,7,1621555,0,1621555,0.6619,0.4119,0.3192
2026-06-09,0.8447,0.0,0.8447,1,417876,0,417876,0.7076,0.3089,0.4506
2026-06-10,0.5924,0.0,0.5924,1,416656,0,416656,0.6788,0.2317,0.486
2026-06-13,0.0,0.9558,-0.9558,1,0,229640,229640,0.5091,0.4127,0.1256
2026-06-15,0.7645,0.0,0.7645,2,609907,0,609907,0.5729,0.3095,0.2853
2026-06-17,0.9889,0.0,0.9889,1,271044,0,271044,0.6769,0.2321,0.4612
2026-06-22,0.0,0.9969,-0.9969,1,0,239987,239987,0.5077,0.4233,0.0967
2026-06-23,0.0,0.9969,-0.9969,1,0,144501,144501,0.3808,0.5667,-0.1767
2026-06-25,0.0,0.7903,-0.7903,1,0,283559,283559,0.2856,0.6226,-0.3301
2026-07-03,0.0,0.9919,-0.9919,1,0,383061,383061,0.2142,0.7149,-0.4956
2026-07-08,0.0,0.9949,-0.9949,1,0,740671,740671,0.1606,0.7849,-0.6204
2026-07-15,0.9785,0.0,0.9785,1,143437,0,143437,0.3651,0.5887,-0.2207
2026-07-27,0.9912,0.0,0.9912,2,751612,0,751612,0.5216,0.4415,0.0823
2026-07-28,0.996,0.0,0.996,1,475306,0,475306,0.6402,0.3311,0.3107
2026-08-10,0.9991,0.0,0.9991,1,326809,0,326809,0.7299,0.2484,0.4828
2026-08-16,0.9953,0.0,0.9953,1,545584,0,545584,0.7963,0.1863,0.6109
2026-08-17,0.9953,0.0,0.9953,1,264241,0,264241,0.846,0.1397,0.707
2026-08-23,0.7258,0.0,0.7258,1,303737,0,303737,0.816,0.1048,0.7117
2026-08-24,0.9639,0.0,0.9639,1,232379,0,232379,0.853,0.0786,0.7748
