text,label
腾讯三季度净利润631.3亿,1
天猫618惊喜红包真的好大,1
腾讯回应余承东鸿蒙喊话,1
雷军壁纸 逆天改命,1
小米澎湃OS3,1
雷军说输给特斯拉不丢人,1
雷军漂移,1
雷军带王传福参观小米工厂,1
七成SU7进店客户只看小米,0
新一代小米SU7申报图曝光,1
小米超大众丰田成全球新能源第七,1
小米耳机,1
小米汽车,1
小米4分钟市值蒸发近800亿港元,0
雷军直言YU7输给ModelY原因,0
天猫618最后一波国补低至4折,1
付航618不要passion要fast,0
雷军辟谣,1
小米发布最新MiMo大模型,1
曝雷军押注的中年人泡泡玛特将上市,1
阿里发布高德扫街榜,0
雷军祝贺BMW夺冠,1
小米人形机器人现场视频曝光,1
雷军称澎程新系列已打磨3年半,1
阿里云新模型稳居全球开源第一,1
雷军说不想背刺老用户,0
小米将发布新一代OS,1
小米YU7续航信息曝光,1
雷军达成京沪高速只充一次电,1
雷军致谢,1
618首波美妆开箱,1
说6180元不会大富大贵的请让给我,0
雷军回应,1
女子离家9天猫咪打开热水浴室被泡,0
小米SU7破新车企10万台下线纪录,1
黄仁勋称想买一辆小米汽车,1
雷军回应装600斤车厘子被指违规,0
手机之家向小米公开致歉,0
小米15Ultra及SU7Ultra今日发布,1
雷军问直播放歌有没有版权问题,1
王建国秒变天猫双11种草王,1
雷军吃五仁汤圆吃破防了,0
雷军回应小米手机第一,1
雷军希望新SU7订单交付持平,1
雷军说芯片很贵不建议拆开看彩蛋,0
雷军在临沂一服务区被米粉送炒鸡,0
腾讯视频星光大赏,1
小米耳机,1
小米笔记本,1
小米再创新高,1
小米YU7续航信息曝光,1
小米高阶驾驶培训含多项安全课程,1
雷军刚知道柯洁定了SU7Ultra,1
小米15外观,1
双十一天猫买美妆立省1500,1
小米SU7Ultra车主深夜城区飙车,0
京东618大额券,1
天猫双11美妆大牌特卖2折抢,1
小米SU7辅助泊车冲下路边草坡,0
腾讯开启史上最大就业计划,1
小米车主说遭货车逼停被指别车在先,0
小米YU7,1
腾讯视频给杨紫做的生贺视频,1
腾讯市值暴跌至4.7万亿港元,0
雷军直播时突然被封,0
徐洁云回应小米澎程可加92号汽油,1
小米YU7 发布会,1
林诗栋3比0阿里,1
雷军回应卖一辆车亏6万多,0
小米YU7本周正式发布,1
小米三季度净利润113.11亿,1
SU7爆燃遇难者父亲称小米仍没来联系,0
雷军晒15年前小米手机发布会,1
雷军晒健身房照片,1
腾讯回应微信提现可免手续费,0
不让卖小米事件当事人道歉,0
雷军 健身房打卡,1
特斯拉销量冠军因SU7加了定语,1
腾讯营收首超7000亿,1
骄阳似我腾讯视频热度值破30000,1
原特斯拉厂长首次代表小米发言,1
阿里离职员工说不要消费马云,0
腾讯AI助手马维斯正式上工,1
雷军喜提1小时首富体验卡,1
腾讯回应用户被异地刷脸支付,0
小米su7路面超车发生侧滑,0
小米发布会,1
腾讯视频五月大剧片单,1
真正的618从30日开启,1
雷军欠两屁股车了,0
雷军直播,1
小米汽车销量连续下跌,0
小米之家零售系统崩了,0
iPhone16开售一小时天猫补货15次,0
小米集团7000名应届生已全部报到,1
阿里千问的发版文案是弹幕吧,0
女子称44岁在阿里工作22年被裁,0
何小鹏与雷军商量过G7和YU7上市时间,1
小米SU7成4月份10至50万销量榜首,1
卢伟冰说小米17不像iPhone17,0
小米玄戒O1性能紧追苹果A18Pro,1
市场监管总局督导阿里巴巴完成整改,0
雷军身家超钟睒睒登顶中国首富,1
雷军2026两会准备5份建议,1
小米YU7流金粉,1
孟子义出席腾讯海外活动,1
小米澎程N90价格,1
央视与腾讯就巴黎奥运会达成合作,1
小米澎程发布会,1
俞敏洪将回赠雷军15袋大米,1
小米澎程可加92号汽油引争议,0
雷军直播时突然被封,0
小米SU7 Ultra定价81.49万,1
周云杰回应和雷军同框后走红,1
腾讯内部新规,0
小米YU7全系新增火山灰车漆,0
鹅鸭杀回应雷军,1
小米YU7续航实测结果,1
今晚还是在天猫凑了个大单,1
小米股价,1
腾讯回应微信自动清理3天未读消息,0
雷军的粉丝构成还是太全面了,1
618拼好价囤健康,1
雷军转发,1
腾讯七部热度破30000剧集,0
小米17Ultra烟花模式,1
小米YU7锁单,0
小米YU7,1
小米造出了我15年前想要的相机,1
小米芯片,1
今晚全网都在抄天猫爆款清单,1
天猫双11大额券用完2张还有2张,1
雷军回应小米双11战绩,1
以为库克真加入小米汽车了,1
雷军反内耗神句,1
雷军回应股价回升,1
腾讯告诉全世界肖战签了十日终焉,0
人民日报谈小米集团高质量发展,1
小米第三款车是增程SUV,1
新SU7北京开到上海仅充1次电,0
雷军能不能生产卫生巾,0
雷军回应小米手机龙虾,0
腾讯视频会员数不涨了,0
小米超跑线下实车曝光,1
小米公司报警,0
小米发布618战报,1
当地回应小米SU7路口连撞多车,1
618囤货清单,1
小米充电宝兼容iPhone17,1
小米手环9,1
网友在雷军评论区刷屏小米做卫生巾,1
阿里Qwen负责人宣布离开,0
小米15Ultra徕卡相机感设计,1
小米集团跌破40港元,0
618挑战100元能买多少好东西,1
小米全面支持苹果设备,1
小米17Ultra徕卡版售罄,0
腾讯市值暴涨3000亿,1
雷军晒新疆测车照片,1
董宇辉成了618局外人,0
罗永浩替小米说公道话,1
小米YU7,1
雷军让想买SUV的朋友等等YU7,1
小米SU7七月销量21044辆,1
小米新款纯电SUV车型命名为YU7GT,1
腾讯视频6月电视剧片单,1
雷军演讲,1
阿里员工十三薪将并入年终奖,0
腾讯一口气官宣60部动漫,1
雷军称YU7不会公布正式价钱,1
雷军感谢网友的提醒与指正,1
小米高管评老企业不敢承诺十年包修,0
阿里云宣布涨价,0
天猫618今天不仅没结束还更省了,1
夸克眼镜装下整个阿里,1
小米回应SU7改款涨价,1
小米研发人员总数再创新高,1
一张图教你用天猫万元大券包,1
阿里22个品牌联合发布橙意计划,1
郑丽文试乘小米汽车,1
美力618,1
小米17没有1TB,0
小米AI上岛,1
小米转跌,0
SU7坠崖车主又提SU7,0
造谣小米汽车销售公司被罚40万,0
小米汽车,1
腾讯第二季度营收1611.2亿,1
雷军回应做增程车,1
坑了小米SU7的乡路修了,0
小米YU7三个型号电池品牌公布,1
卢伟冰将7999元小米新机口误成799,0
警方回应小米su7外借却被拍色情片,0
小米明年能自研自产空调了,1
618前最后一波玄学,1
小米客服回应手机自燃致男童受伤,0
小米澎程起售价预测,1
雷军将重回小米手机发布会,1
雷军否认造小米汽车只要100亿,1
小米SU7智驾高速急刹被追尾,0
准车主退订遭小米汽车60天冷静期,0
大牌羽绒天猫补贴5折起,1
腾讯游戏一分钟赚45万,0
小米平板,1
阿里纳斯儿子严重车祸,0
56岁雷军连续直播15小时,1
小米YU7内饰,1
蔡康永揭秘天猫年度设计趋势,1
警方通报小米SU7事故,0
腾讯二季度经营利润692亿,1
腾讯认证的待爆帝,1
腾讯视频会员权益调整,0
雷军率先走上代表通道,1
京东618请你看演唱会,1
腾讯视频星光大赏,1
小米 拍立得,1
小米Yu7,1
小米汽车卖一辆亏3万,0
雷军  Model Y也不错,1
腾讯副总裁回应王者荣耀人机水平,0
腾讯音乐嘉年华阵容,1
警方回应小米SU7冲上公交站台,0
雷军直播突发炸麦,0
小米YU7,1
京东618最后4小时,0
小米澎程像在卖房,0
腾讯云包场崩了,0
阿里离职员工内网发帖,0
雷军曾拒绝武大办雷军班,1
小米YU7GT刷新纽北SUV圈速纪录,1
中国智造同行者雷军,1
小小米线店一月流水50万能信吗,0
女子称44岁在阿里工作22年被裁,0
小米汽车25年销量涨幅近300%,1
小米17颜值,1
小米汽车回应YU7刹车片起火,0
柯洁全款拿下小米SU7Ultra,1
雷军车展只拥抱了何小鹏,1
小米MIXFold4,1
微博每小时抽1个6180元锦鲤,0
雷军称特斯拉保值率非常不错,1
北京雪天猫猫打架,0
阿里云盘bug现陌生人私密照,0
小米大模型,1
小米17与苹果软硬合拍,1
雷军直播后小米股价下挫,1
雷军换头像,1
小米YU7是先进SUV,1
小米第50万辆整车正式下产线,1
小米SU7对撞测试博主道歉,0
论又薄又强我只服小米大折手机,1
DeepSeek预测周鸿祎可能会送SU7,1
小米高管就直播炸麦致歉,0
小米澎程通过申报,1
天猫双11最后5折冲刺,1
小米汽车,1
小米汽车购置税补贴方案,1
雷军说特斯拉确实了不起,1
小米磁吸充电宝,1
腾讯工程师在楼下免费安装OpenClaw,1
天猫双11购物车今晚8点见,1
腾讯发布2025年财报,1
618国补平板选购指南,1
蔡崇信吴泳铭1.2亿增持阿里股票,1
小米SU7大灯外框被爆翘边,0
王腾团队核心来自小米华为等大厂,1
小米总裁回应去美的学习,1
雷军将全程直播15小时,1
雷军回应对标特斯拉和保时捷,1
雷军回应当首富,1
小米17Max首发搭载徕卡2亿主摄,1
618真的能让懒人变得更快乐,1
小米汽车在海南河南先后出现火情,0
雷军晒小米机器人工作视频,1
小米新一代SU7明年二季度上市,1
小米SU7已交付20000台,1
小米澎程N70,1
小米SU7Ultra纽北最快四门车,1
腾讯元宝向用户道歉,0
雷军考虑复活YU7深海蓝,1
李想回复雷军,1
小米发布自动驾驶模型,1
雷军谈科技创新引领新质生产力,1
人民网评小米芯片即将问世,1
腾讯提醒勿为实况图重装微信,0
雷军问还有人在用iPhoneMini吗,1
卢伟冰回应雷军近况,1
小米发布会,1
小米SU7高速碰撞爆燃事件细节,0
小米集团市值突破万亿港元,1
雷军发布小米购置税补贴重要提示,1
雷军回应小米17全系破首销纪录,1
腾讯感谢爱奇艺宣传逐玉,1
小米SU7一拆一个不吱声,0
小米现金储备1516亿,1
小米回应摄像头里惊现陌生男子说话,0
雷军2025两会建议,1
小米玄戒O3曝光,1
阿里131亿港元出售高鑫零售,0
雷军说定价听他的是因为他是老板,1
雷军回应早前娱乐视频,1
京东618晚会送出阿勒泰别墅,0
腾讯与长鑫存储签200亿大单,1
腾讯关闭工作室曾计划制作3A游戏,1
小米澎湃OS3,1
小米su7外借却被拍色情片,0
雷军 我马上去催一下,1
雷军将启动法律程序,1
小米SU7 Ultra定价81.49万,1
雷军回应,1
网民造谣雷军被行政拘留10天,0
雷军感谢车企支持,1
马云深夜现身阿里总部,1
何小鹏带雷军开MONA兜风,1
雷军 小米YU7,1
雷军祝贺金山办公团队,1
小米澎程像在卖房,0
小米徐洁云喊话造谣者,0
阿里AI旗舰应用夸克全面升级,1
天猫一张图讲清双11折扣脱水,0
雷军 车展,1
小米SU7Ultra发布3天锁单超10000,0
扬州一清代文物合院618元起拍,1
雷军直播称急用车推荐买小鹏G7,1
小米音箱,1
新一代小米SU7本月发布,1
小米15稳了,1
雷军公布小米su7冬季续航测试成绩,1
记者为了采访雷军有多努力,1
小米汽车预告图,1
杨紫在腾讯四部一番剧都破三万了,1
沈阳要求小米su7ultra车主签安全承诺书,1
618买数码产品别抄错作业,0
小米SU7靛石绿,1
雷军谈小米YU7GT设计,1
小米为被别车辱骂车主发声,0
双11看来看去还是在天猫下单,1
卢伟冰谈小米15年,1
小米首次登顶全球开源大模型第一,1
卡皮巴拉让雷军肃然起敬,1
再看雷军账上预留18月工资含金量,1
雷军说小米15破除了3999元心魔,1
站雷军背后的海尔总裁周云杰走红,1
雷军谈小米汽车成功原因,1
雷军说别人可以我一说就惨了,0
小米挥刀斩的不是个人而是一种风气,0
小米17Ultra,1
小米SU7改款涨价近1万,1
小米15本月发布,1
小米高管回应网友催产卫生巾,0
不是618买不起而是天猫更有性价比,1
小米汽车新系列,1
半年后小米玄戒O1芯片怎么样了,0
小米现金储备1516亿,1
站雷军背后的海尔总裁周云杰走红,1
京东否认王腾将入职小米采销岗,1
小米销售被曝带客户试驾撞倒电动车,0
小米两地员工公寓月租金1999元,0
雷军回应K90定价,1
小米发布会,1
周鸿祎回应睡觉被雷军瞪,1
腾讯华为等接入DeepSeek每月亏超4亿,0
SU7坠崖车主一家再提SU7,0
用惯了拼多多对618囤货已无感,0
爱奇艺腾讯视频平番,1
雷军发长文,1
小米发布全新随身拍套装,1
雷军回应为何不标800V,1
胡锡进谈小米呼吁抵制黑公关和水军,1
雷军首曝小米可换镜头手机,1
小米人形机器人已能自主工作3小时,1
小米开盘跌1.5%,0
雷军演讲,1
江苏常州路边一辆小米汽车起火,0
小米17Ultra红标徕卡版,1
小米发布会,1
苹果天猫官旗上线全国国补,1
雷军捐资1亿成立守护资金消息不实,0
小米 王腾,1
用户吐槽小米su7ultra试驾雷军秒道歉,0
真正的618在天猫不用等直接买,1
小米强烈推荐升级至新一代SU7,1
北京车展看新SU7真材实料,1
雷军说大家不要觉得我们赢得很容易,1
雷军感谢车企支持,1
腾讯总裁回应游戏部门调整,1
姚顺雨上亿薪资入职腾讯系谣言,0
雷军直播,1
小米su7掉落山崖,0
逐玉腾讯破3万,1
雷军评价王腾,1
腾讯和芒果纷纷来添乱,0
小米四款新车曝光,1
小米汽车正在扩大产能,1
雷军出差品尝各地美食,1
黄仁勋再谈小米华为,1
天猫今晚8点下单记得要用券,1
小米汽车发布龙甲电池体系,1
小米汽车概念爆发,1
小米17Ultra,1
腾讯QQ宣布调整短视频业务,1
小米手机3月激活量中国第一,1
小米YU7预计明年六七月上市,1
雷军同雷军班同学拍大合照,1
小米徐洁云喊话造谣者,0
小米澎湃OS4不开发布会,1
小米15超声波指纹,0
雷军回应发布会穿衣被质疑抄袭,1
腾讯视频 狠狠惩罚不来的人,0
小米SU7Ultra,1
小米SU7 Ultra量产版,1
鹅厂2024大剧片单,1
小米徐洁云回应孩go言论,1
割胎小米SU7嫌疑人已被刑拘,0
腾讯回应做独立支付APP,1
天猫团队 灵隐寺,1
小米首次登顶全球开源大模型第一,1
舒淇代言SU7,1
阿里散装赞助了3支苏超球队,0
小米17ProMax屏幕,1
张艺兴加盟京东618夏日歌会,1
雷军2026年第一场直播大约四五个小时,1
小米高管晒雷军送的纪念礼物,1
小米汽车副总裁回应青岛起火事故,1
腾讯包场白日提灯,1
段永平清仓阿里巴巴,0
王化回应小米成立芯片平台部,1
小米雷军与特斯拉陶琳互动,1
天猫618再加码100亿惊喜红包,1
小米严禁以任何形式诋毁竞品,0
腾讯认证的待爆帝,1
天猫双11冬装开始5折了,1
雷军喊话欢迎大家投递简历,1
雷军称小米克制贪婪只挣一点点,0
雷军曾回应一天在干什么,1
小米公布新一代SU7砂陶米内饰色,1
阿里巴巴就姜萍事件道歉,0
阿里发布高德扫街榜,0
小米15系列12GB内存起跳,1
小米平板,1
雷军回应雷军同款,1
雷军晒樊振东亲笔签名球拍,1
腾讯一季度收入1800.22亿,1
小米许斐徐洁云被取消2025年度奖金,0
小米芯片,1
第五次雷军年度演讲本周五举办,1
小米17Ultra发布时间定档,1
今年天猫618的限时优惠夯爆了,1
卢伟冰回应小米青年公寓定价1999元,1
阿里巴巴全球数学竞赛决赛试题公布,1
小米SU7Ultra定价52.99万元,1
雷军又挂了三条热搜,1
没白等小米MIXFlip三年,1
SM腾讯音乐将合作推出组合,1
腾讯回应黑神话悟空爆火,0
小米发布会,1
投资人不意外阿里打出夸克这张牌,1
雷军比较小米17和iPhone17,1
小米手表,1
阿里已批准林俊旸离职,1
小米财报,1
雷军称小米17精致度不亚于iPhone,1
与小米一同成长的年轻人,1
王腾买了小米N90Max,1
阿里发布性能比肩英伟达H20的芯片,1
小米17Max来了,1
小米SU7Ultra,1
小米扫拖机器人损坏百万家具,0
小米汽车新奖项,1
小米YU7,1
小米新一代玄戒芯片即将发布,1
何小鹏晒和雷军聊天记录,1
菜鸟驿站对取件未出库罚款100元,0
小米摄像头风波当事人回应,0
小米SU7Ultra时速150撞飞电动车,0
小米YU7订单被黄牛高价倒卖,0
许我耀眼腾讯热度破32000,1
国家发改委赴小米集团开展工作调研,1
小米发布国内第一个手机版龙虾,0
找到了天猫无门槛消费券最省秘诀,1
小米集团高层调整,1
宝马设计主管加入小米,1
小米SU7Ultra,1
小米成立芯片平台部,1
小米澎程N70二排空间比腿长,1
小米YU7价格预测,1
卢伟冰宣布小米将发布自产中央空调,1
丁禹兮赴约腾讯星光大赏,1
虞书欣腾讯视频海报C位,1
腾讯大会,1
腾讯启动对办公室亲昵事件调查,0
阿里押注长鑫76亿搏出近1700亿,1
阿里巴巴将银泰卖给雅戈尔,0
雷军回复五一要结婚网友,1
小米汽车向奔驰致敬,1
腾讯天美怪猎手游官网上线,1
小米15颜色,1
数百名小米SU7Ultra车主要求退车,0
欧阳娜娜天猫七夕氧气少女感,1
腾讯大会赴山海发布节奏,1
郑丽文试乘小米汽车,1
小米玄戒O3支持长鑫LPDDR6,1
今年618是天猫的硬控区,1
终于实现618现货自由,1
疑似小米SU7Ultra撞飞女子家属发声,0
小米港股股价暴跌,1
小米马年开工两件大事,1
腾讯12月抬了两部双男主,1
小米Civi5Pro镜头下的生命力,1
小米澎程N90外观公布,1
618天猫已经卷到9.9元抢真车了,1
雷军谈汽车安全,1
小米AI眼镜,1
小米玄戒负责人回应设计方案,1
小米澎湃OS微信聊天能发实况图,1
雷军确认小米15涨价,1
小米新一代玄戒芯片即将发布,1
小米超跑亮相,1
小米SU7Ultra撞飞电动车受害者去世,0
腾讯会议崩了,0
腾讯视频520剧爱你,1
天猫618立减叠券一降再降,0
小米17续航,1
负责人称小米卫生巾真的做不了,0
小米澎程SUV首发评测,1
雷军回应KOL事件,1
罗永浩点赞天猫折扣脱水,1
湖南卫视618开心夜,1
腾讯 已读访客功能不会开发,0
小米 性能,1
小米宣布人事调整,1
腾讯成立800人团队适配鸿蒙,1
黄仁勋与雷军合影,1
雷军坦言非常紧张,1
小米YU7支持车外小爱语音,1
24年小米高端手机全球销量超千万,1
小车滚下坡车主无恙感谢雷军,1
小米公司发言人回应,1
小米发布会,1
苏炳添代言小米汽车,1
小米汽车销量跻身国产前五,1
腾讯2026年会,1
小米澎湃OS4曝光,1
新一代SU734分钟锁单1.5万台,0
小米17Pro背屏做痛机爆火,0
雷军回来小米YU71月份销量,1
重生之我在天猫抢大红包,1
网友曝小米汽车车主驾驶中睡着,0
京东618成绩公布,1
天猫晚八点数码家电国补6折起,1
王腾看雷军演讲,1
官方通报无牌小米SU7路口漂移,0
618护肤购物分享,1
尚雯婕没去歌手去618了,1
阿里全球数学赛获奖者2人来自中学,1
小米直播拆车的硬核底气,1
英伟达回应黄仁勋雷军合照,1
618夏日续命神器大盘点,1
雷军直播,1
吃到腾讯芒果商战红利了,1
董明珠再点名小米汽车,1
苹果阿里合作新进展,1
2025腾讯视频大剧片单,1
前阿里中层吐槽上万人号称高管,0
小米YU7被指偷改配置,0
雷军回应美国高速出现YU7,0
博主捏造小米SU7测评视频被判刑,0
雷军回应突然发布大芯片,1
小米上线自研系统级输入法,1
五问小米SU7高速爆燃事故,0
小米汽车取消YU9命名,1
小米YU7,1
腾讯对肖战求复合文学,1
小米17系列销量破百万,1
天猫双11又双叒叕发万元大券包,1
雷军回应小米SU7保值率第一名,0
武契奇在小米工厂下单了,1
小米VisionGT概念超跑发布,1
雷军称小米汽车熔岩橙配色敢买的人太少,0
网友向雷军举报王腾上班摸鱼,0
苏超阿里赞助商凑齐一桌掼蛋,1
雷军说可以去评论区找商机,1
泉州交警回应小米SU7Ultra撞飞电动车,1
许我耀眼腾讯热度破32000,1
雷军称不选小米YU7可选ModelY,0
小米客服称SU7电池双供应商随机装,1
时尚芭莎采访小米SU7Ultra车主,1
小米高管玩梗被指越界,0
雷军谈大多汽车颜色稀少原因,0
小米捐赠5亿元支持科研,1
雷军透露小米15涨价原因,1
小米展出澎程6万公里路测车,1
雷军回应YU7二排比迈巴赫多一度,0
天猫家电现货冲比618多省五千,1
小米眼镜官博上线,1
618蹲直播间到底有多省,1
华杉祝雷军早日康复,1
雷军T恤,1
小米MIXFlip2上线AI定制萌宠功能,1
雷军回应发100万奖学金,1
小米新车主踩错踏板撞人致死,0
小米SU7Ultra的治愈声纹,1
小米YU7上市时间并未改变,1
小米YU7颜色,1
人民日报谈小米集团高质量发展,1
雷军复盘时问自己的问题,1
雷军透露小米下一步规划,1
折腰打破2025腾讯记录,1
小米发布会,1
雷军财富比去年增长1960亿,1
小米17Pro冷烟紫,0
小米发布会,1
小米高管评老企业不敢承诺十年包修,0
莲花集团CEO疑似回应小米,1
小米SU7冲上公交站台致2人受伤,0
人民网评小米芯片即将问世,1
雷军回应掉粉20多万,0
网传阿里合伙人周靖人拟离职,0
成都 小米,1
小米15Ultra代号夜神,0
雷军3问,1
雷军用小米新手机发博宣传玄戒O3,1
雷军发布会再飙英文,1
小米18Fold,1
腾讯近期因内容违规被罚,0
雷军回应把增程车行业市场打爆,1
小米15Ultra海外售价超iPhone,0
雷军6楼扔西瓜,0
保时捷CEO谈小米SU7Ultra,1
小米发布智能底盘预研技术,1
雷军澄清近期雷军AI配音,1
小米YU7确认不参加苏州车展,1
市监局介入处理小米YU7不明零件,0
小米澎湃OS2年中OTA开启,1
小米YU7销量,1
小米SU7改款涨价近1万,1
天猫无限暖暖,1
小米王化回复王腾,1
小米超苹果成中国手机激活量第二,1
小米折叠,1
天猫双11最后4小时极限抄作业,0
雷军首爆新机进度,1
腾讯视频账号6次超限或面临封号,0
618夏日歌会机器人在后台打工,0
小米王腾因泄密被辞退,0
小米新SU7发布会请来半个车圈,1
天猫99百亿盛典红包在燃烧,1
小米YU7代言人,1
雷军直播,1
王腾离开小米创业后用的还是红米,1
小米新SU7续航,1
小米抽奖抽到总裁卢伟冰,1
小米华为理想先后报警12人团伙被抓,0
雷军回武汉大学了,1
iPhone可回复小米手机消息了,0
小米舒七雷巾等已被申请注册商标,1
小米称短期应该不做卫生巾,0
曝小米小折叠下月发布,1
腾讯网易联手了,1
雷军不建议有司机的大老板买小米,0
小米汽车10月零售销量48654辆,1
雷军直播,1
腾讯2025新增永不合作公司名单,0
小米汽车,1
小米深夜上线三大模型,1
上天猫中国夺金伊利送金,1
阿里高层出面挽留林俊旸,1
腾讯七月新剧,1
小米澎程,1
杜华被雷军问还有哪些艺人的反应,1
卢伟冰调侃还有小米6钉子户,0
苹果阿里合作新进展,1
小米Q2净利润62亿,1
雷军超时了,0
腾讯元宝回应修改涉知识产权协议,1
雷军回应何小鹏下单小米YU7,1
王腾晋升小米双料总经理不足9个月,1
雷军 全面对标iPhone,1
小米SU7Pro一充跑通京沪,1
雷军回应小米SU7上半年销量冠军,1
小米金凡时隔三年再发微博,1
小米SUV价格,1
小米澎程7人满载还可装7个行李箱,1
雷军感谢各地文旅支持,1
雷军回应凌晨五点多拍照,1
雷军送花圈悼念聂卫平,1
雷军 今天是小米手机13岁生日,1
大牌保暖空调天猫国补历史最低价,1
小米全球总部15元的员工餐,0
小米汽车销量,1
京东副总裁喊话雷军工厂尽快扩容,1
徐洁云称有小米用户宠物叫孩go,1
新工体京东618歌会首开情侣座,1
前DeepSeek研究员罗福莉已加入小米,1
卢伟冰回应YU7是否影响SU7销量,1
雷军请网友支招对战柯洁,1
小米三折叠通过认证,1
小米集团市值突破万亿人民币,1
618末班车哪款iPhone更值,1
小米工作人员称SU7有接头接错,0
小米汽车 舒淇,1
小米明年或推4款新车,1
阿里夸克C计划曝光对标豆包,1
小米痛斥澎程被批量抹黑,0
小米SU7今年已两次大批召回,0
腾讯视频 爱你老己,1
雷军达成京沪高速只充一次电,1
小米双Ultra,1
小米大涨超8%,1
雷军回复网友,1
雷军称继续向特斯拉学习,1
雷军转发小米汽车排第一榜单,1
阿里股价继续大涨,1
骄阳似我刷新腾讯纪录,1
雷军回应小米YU7为什么早公示,1
小米18系列或成最激进一代,0
阿里25周年马云内部发声,1
雷军晒YU7GT团队,1
雷军建议考生放松心情,1
雷军谈iPhone17牙膏挤爆了,0
小米称制动踏板状态正常,1
小米财报,1
大奉打更人进入腾讯爆款俱乐部,0
李福贵直播间卖小米上架秒空,0
雷军回复网友,1
雷军跨年直播拆车,1
小米明年或推4款新车,1
小米15一眼Crush,1
小孩哥喊话雷军出一款全家出行的车,1
雷军说定价听他的是因为他是老板,1
小米发布会,1
枭起青壤2025腾讯最快破两万五现代剧,1
小米市值突破1.4万亿港元,1
小米汽车智驾更名为辅助驾驶,1
腾讯12月大剧片单,1
小米Pad7Ultra大屏办公体验实测,1
每小时都在等微博给我发6180元,0
小米 超熟睡防侧漏,1
腾讯片单,1
何炅被天猫的大红包不小心砸到了,1
何运晨更新offer十年之约,1
小米未来五年研发再投入2000亿,1
天猫光与夜之恋,1
小米汽车获L3级自动驾驶路测牌照,1
雷军祝贺樊振东,1
腾讯到白玉兰只干一件事,0
小米双11可用花呗分期免息,1
老头乐向小米汽车致歉,1
谁把我618购物车挂墙上了,0
小米高管疑似集体遭遇短信轰炸,0
阿里巴巴涨5%,1
黑神话创始团队成员全部来自腾讯,1
车主称小米汽车回复故障是系统bug,0
探访小米公司不让卖小米涉事村庄,0
腾讯视频Q2预排,1
苏炳添收到雷军送的钻石黑小米SU7,1
雷军感谢李想,1
小米创造纽北四门车记录,1
小米增程SUV车头logo曝光,1
618省钱新折学,1
小米SU7一拆一个不吱声,0
快30岁才知道雷军这些话都是真的,0
南通小米SU7事件附近商户停业,0
腾讯人均年薪成本112.8万,0
小米官宣与蔚来合作,1
雷军AI,1
王腾感谢雷军多年培养,1
小米15Ultra记录每一个闪耀的她,1
腾讯回应苹果税,1
小米公司,1
腾讯视频2025元宵节大剧片单,1
小米手机,1
小米YU7配置,1
雷军重现1300公里只充一次电原话,0
西班牙首相试坐小米汽车,1
小米MIXFlip2真好看,1
小米超跑好帅,1
小米YU7新增入门版,1
超多明星都在天猫派对等你云合拍,1
新一代小米SU7九款颜色公布,1
雷军把内部大奖升级到千万,1
小米汽车首家定制中心开业,1
雷军回应KOL事件,1
雷军代表小米承诺不会回避,1
卢伟冰为小米工程师送咖啡,1
雷军回应很久没健身打卡,1
小米YU7入门级版本,1
雷军 我马上去催一下,1
卢伟冰称K90不排斥和小米直接竞争,1
小米SU7成20万以上轿车6月销量第一,1
雷军程序员节发文,1
小米YU7预计明年六七月上市,1
618当天果然还是天猫更便宜,1
今天大降温天猫又发补贴了,1
小米17Max本月发布,1
雷军回应新一代su7标准版配置,1
湖南卫视618晚会定档,1
天猫一场直播汇集百款AI新品,1
小米17Ultra与徕卡版怎么选,1
小米高管疑似集体遭遇短信轰炸,0
天猫用AI爆改八方来财,0
小米辟谣变焦环造假,0
小米三款新车齐曝光,1
雷军转发极客湾全网首拆视频,1
小米VisionGT实车,1
千问上线阿里最强AI生图模型满血版,1
腾讯视频6月大剧片单,1
雷军复更健身房打卡,1
雷军回应掉粉20多万,0
腾讯视频星光大赏,1
雷军祝贺赖斯世界杯首粒进球,1
小米SU7获2024微博年度车型,1
小米高阶驾驶培训1万人目标达成,1
小米辣暴涨至约70元一公斤,0
小米新SU7起售价21.99万元,1
9块9就能克隆雷军声音带货,1
蔡崇信确认阿里与苹果合作,1
小米手环10,1
雷军回应小米17ProMax缺货,1
骄阳似我腾讯视频热度值破30000,1
雷军到达上海后还有余电,1
雷军称倒霉的地方就是老跟苹果华为比,0
小米回应为樊振东特别定制金球拍,1
小米回应SU7自动泊车功能异常,1
小米回应SU7Ultra限制1500匹马力,1
小米天才少女罗福莉首次登场,1
小米首款AI眼镜发布,1
今晚8点天猫4折买羽绒服,1
雷军回应被扣营销帽子,1
手机之家向小米公开致歉,0
天猫美妆买一送一真香,1
DeepSeek致谢腾讯技术团队,1
雷军祝福福特,1
锦月如歌腾讯站内热度值破24000,0
曝小米18将先发Pro后发标准版,1
假如玩鹅鸭杀遇到雷军,1
闫闯称与小米价值观不一致,0
腾讯推出svip云包场,1
雷军谈极越事件,1
雷军接班人,1
双11今晚在天猫五折抢爆款,1
雷军回应小米SU7Ultra车标是金的,1
阿里大涨,1
苏炳添官宣代言小米汽车,1
腾讯招商大会,1
官方回应小米汽车突然自己开走了,0
小米新一代智能座舱入网,1
雷军称新SU7门把手完全符合新国标,1
阿勒泰文旅局喊雷军来打卡,1
胡歌质问腾讯视频,0
小米官宣6款充电宝新品,1
雷军致谢,1
双11抄作业就抄天猫热卖王,0
雷军确认小米15涨价,1
HYBE向腾讯音乐出售SM股份,0
雷军李在镕合影,1
小米SU7高速碰撞爆燃事件细节,0
腾讯回应拴Q,0
小米YU7怎么读,1
巴黎街头的小米SU7,1
大司马小米高管直播玩鹅鸭杀,0
雷军回应小米6G成果,1
小米YU7,1
小米集团涨超5%创历史新高,1
雷军称小米SU7Ultra定位是新豪车,1
小米澎湃OS更新,1
天猫双11万元券包冲刺速用,1
雷军收到YU7车主送的蒜鸟玩偶,1
曝阿里将发布重磅业务,1
腾讯视频 幸会嘻哈,1
卢伟冰剧透小米YU7价格,1
雷军谈新su7涨价,1
理想小米同一个地方开发布会,1
小米公布一起黑公关案件,0
腾讯你是会排版的,1
小米称此次事件严重伤害米粉感情,0
雷军称考虑过出大众配置车型,1
小米中央空调,1
何小鹏晒单YU7雷军期待G7,1
小米SU7 Ultra,1
雷军现身小米总部略显消瘦,1
小米食堂发布小米冰激凌,1
雷军吃冻梨被冻出表情包,1
雷军亲自发开工红包,1
王腾回应小米股价暴跌,1
高德升级为阿里生活服务超级入口,1
雷军黑衬衫,1
雷军称小米车轮子撞掉是丢轮保车,0
400位小米SU7车主调研报告,1
雷军称AI换脸拟声成违法重灾区,0
警方回应小米SU7高速车祸致3死,1
苹果发布会介绍腾讯新游戏,1
侮辱雷军小米博主发道歉信,0
小米暂停SU7Ultra限制马力版本推送,1
极越高管称雷军是最恶劣的商人本质,0
小米发布会,1
小米澎湃OS3,1
小米高管回应保时捷纽北超越SU7,1
腾讯暑期档怎么了,0
雷军回应YU7能否打赢Model Y,1
小米汽车自己开走车主否认手机操作,0
红米Turbo5获小米10亿内存补贴,1
小米新机入网,1
雷军每天免费送五千顶的帽子价值129元,1
小米新SU7功能即将向其他车型推送,1
小米的mi倒过来就是仙桃的仙,0
苹果华为小米位列手机热搜品牌前三,1
蛋仔派对皮肤首次参与天猫618,1
曝阿里禁用Claude,0
小米汽车毛利率超越特斯拉,1
小米自主研发设计手机芯片将发布,1
腾讯视频账号6次超限或面临封号,0
天猫双11错过今晚就要再等365天,0
网传SU7撞2人后起火焚毁,0
奈丝公主618值得囤,1
雷军呼吁大家看信息别被水军误导,0
天猫618跟着杨迪看榜买好物,1
小米发布会,1
抠小米镀金车标是否构成刑事犯罪,0
小米YU7和焕新ModelY你更看好谁,1
小米YU7GT发布会定档,1
小米门锁误识外卖员人脸开锁成功,0
小米yu7将亮相好博会,1
腾讯视频 幸会嘻哈,1
雷军官宣玄戒O100,1
腾讯一季度收入1800.22亿,1
小米17Ultra首发徕卡2亿真光变镜头,1
天猫双11再发万元大券包,1
虞书欣丁禹兮腾讯扫楼,1
雷军疑似回应余承东,1
小米17Ultra,1
小米之家 雪糕,1
字节腾讯同日抢人,1
尚雯婕没去歌手去618了,1
小米汽车单台平均亏损4.5万元,0
小米15Ultra打卡8D魔幻城市,1
小米汽车公布增程器,1
中保研首撞小米SU7,0
小米17Pro和iPhone17Pro真机对比,0
阿里巴巴市值大涨2000亿,1
小米超跑亮相,1
雷军回应小米超强钢争议,1
雷军正面迎战iPhone,1
腾讯到白玉兰只干一件事,0
雷军开法拉利引热议,1
迪奥客服回应丰唇蜜中含有小米椒,0
天猫双11大额券今天用完明天再发,1
车企力挺小米17,1
小米打假雷军致公众的一封信,0
小米股价大跌超8%,0
小米su7被借拍色情片疑车主发声,0
雷军晒观礼请柬,1
小米营收创上市以来新高,1
央视与腾讯就巴黎奥运会达成合作,1
雷军第92次健身房打卡,1
今年618补贴力度超过去年,1
雷军让李斌别唱了,0
雷军第40次健身房打卡,1
影之刃零制作人亮相腾讯发布会,1
苹果中国销量衰退被小米反超,0
雷军一条视频拯救了这家辣酱企业,1
腾讯视频星光大赏,1
小米大芯片研发费投入超210亿,1
小米主动召回某型号部分充电宝产品,0
雷军回应直播间炸麦,1
小米澎程可变空间设计曝光,1
雷军抽奖,1
腾讯视频11月大剧片单上新,1
小米新SU7客户画像,1
雷军对小米年轻管理者很宽容,1
小米手机,1
小米官宣YU7交付能力大幅提升,1
京东618最后一波一元秒杀,1
明晚8点京东发6180元,1
王腾从小米离开后成立新公司,1
如何看待硬装结束雷军进场,1
小米YU7首发量产天际屏,1
曝兰博基尼首席外饰设计加盟小米,1
小米汽车,1
雷军首曝小米可换镜头手机,1
特斯拉销量冠军因SU7加了定语,1
雷军吃热干面被指模仿黄仁勋,1
618淘宝直播红包,1
员工回应雷军发红包,1
雷军说小米造车5年只做了两个系列,0
小米SU7Ultra限制1500匹马力,1
雷军3个感谢,1
小米新品发布会,1
小米SU7坠崖一家四口安然无恙,1
大学生拉推车喜提天猫首波快递,1
雷军来中国航展了,1
阿里巴巴回应千问崩了,0
小米18系列发布会日期曝光,1
客服回应网传小米SU7成都起火,0
男生看见雷军直接递上简历,1
阿里跌超10%,0
阿里巴巴全球数学竞赛获奖名单公布,1
新华社评小米对标苹果,0
腾讯视频9月大剧片单,1
雷军强调两遍只有澎程能做,1
董明珠再点名小米汽车,1
小米YU7,1
腾讯视频收集逐玉盗版线索,0
苏炳添赞新SU7为中国科技骄傲,1
广州某高校辟谣禁止小米汽车入校,1
小米空调10年免费加氟,0
小米三区洗,0
腾讯2024年财报,1
小米发布会 小米汽车,1
小米YU7颜色,1
小米增程SUV路测三年,1
小米财报,1
小米18Fold,1
AI为小米汽车带来出行新体验,1
小米称推测澎程价格要讲科学,1
欣小萌超级变变变出天猫红包,1
新一代SU7,1
网友喊话雷军生产卫生巾,0
小米公司发言人回应,1
小米汽车交付量超30000台,1
雷军一句话卖出一辆车,1
雷军认为小鹏MONA很OK,1
爱奇艺和腾讯为什么要争脱口秀,1
小米15Ultra,1
雷军建议优化新能源汽车号牌设计,1
苹果和阿里将为中国iPhone开发AI功能,1
腾讯游戏发布会,1
武大雷军班录取分数,1
张勇等9人退出阿里合伙人,0
陈震 小米,1
小米澎湃OS3核心升级汇总,1
小米股票,1
小米汽车二季度收入206亿,1
小米新手表手环曝光,1
小米召回11.7万辆标准版SU7,0
易烊千玺天猫双11开幕盛典,1
小米调价,1
腾讯八部热度破30000剧集,0
雷军承诺做好三件事,1
最佳菜鸟,0
小米汽车未交付催收尾款案一审宣判,0
小米能让增程车翻红吗,1
雷军说有点小紧张,1
小米紧急呼叫系统救援昏迷车主,1
国家发改委赴小米集团开展工作调研,1
小米澎程发布会,1
雷军再回应雷军AI配音,1
阿里巴巴百度蔚来紧急公告,1
雷军演讲,1
淘宝百亿补贴111元抢小米三件套,1
小米车主遭特斯拉车主别车辱骂,0
小米汽车考虑2027年出国,1
林大厨为京东618开心夜做外卖了,1
天猫双十一5折日用品你囤了吗,1
杜华被雷军问还有哪些艺人的反应,1
苹果考虑将腾讯字节AI模型嵌入iPhone,1
腾讯官宣等风热吻你,1
腾讯视频金鹅荣誉,1
小米YU7磁吸纸巾盒卖169元,0
檀健次在天猫大集开店卖小吃,1
小米发布会,1
腾讯视频星光大赏,1
小米许斐回应被通报批评,1
雷军真去拧螺丝了,0
小米汽车2025年交付目标30万辆,1
京东618推出明星惊喜券,1
同价买奥迪还是买小米,1
小米股票,1
雷军每天免费送五千顶的帽子价值129元,1
曝小米汽车成立架构部,1
阿里巴巴美股涨超10%,1
雷总你在小米是做什么的,1
小米15Ultra,1
小米高通庆祝15年合作,1
第一批坐进小米澎程的人怎么说,1
阿里押注长鑫76亿搏出近1700亿,1
雷军再强调辅助驾驶无法代替人类,1
雷军晒玄戒O1纪念品,1
小米Yu7,1
雷军庆祝小米手机15周年,1
雷军称不要迷信BBA,1
马云现身阿里园区和大家热情打招呼,1
小米获独立造车资质,1
小米MIXFlip2满分小折,1
雷军回应国庆7天AI雷军骂了8天,0
小米有数百项空调相关专利申请,1
阿里投资长鑫浮盈1600亿元,1
曝新款小米SU7将配机械门把手,1
腾讯视频星光大赏阵容,1
小米su7撞坏上百米护栏十多辆车,0
雷军确认第一代SU7停产,1
小米车险上线,1
舒淇代言SU7,1
董明珠再回应与雷军赌约,1
天猫买全屋万元大家电只要618元,1
天猫618补贴高考生4000元,1
雷军夸保时捷,1
雷军说确实说错了,1
小米SU7冲出停车场致一死三伤,0
腾讯今天官宣好多剧,1
雷军称新SU7做不到加量不加价,1
和杨迪一起看好六上天猫冲奥,1
极客湾小米15性能评测,1
京东再发6180元补贴,1
小米汽车yu7颜色,1
雷军的营销风格能不能被模仿,1
雷军说被小字营销搞怕了,0
小米15SPro一个月实测分享,1
快30岁才知道雷军这些话都是真的,0
618闭眼冲iQOO新品,1
小米深圳国际总部启用,1
王腾让雷军盖个被子别感冒了,1
雷军余承东李斌同框,1
腾讯视频11月电视剧片单,1
小米新SU7,1
被易烊千玺种草了天猫618,1
景区推含野菜小米粥红军餐一份30元,0
雷军雨天健身房打卡,1
雷军回应小米YU7首拆视频,1
小米17 王腾,1
小米17ProMax512GB起步,1
小米冬测质疑,0
小米澎程N90,1
雷军回应演讲推迟原因,1
周深2025腾讯音乐榜年度歌手,1
小米滑板车,1
吃到腾讯芒果商战红利了,1
雷军夸保时捷,1
雷军回应第一次挥方格旗,1
新一代SU7靛石绿,1
小伙家有200台小米设备不满手机售后,0
小米发布会,1
腾讯客服称暂未支持访客记录查询,0
腾讯客服回应朋友圈照片变清晰,0
小米SU7事故遇难者家属回应进展,1
天猫双11巅峰冲刺新发万元大券包,1
小米YU7大定3分钟破20万台,1
雷军送2000份玄戒O1芯片,1
小米高管谈冰箱得房率,1
腾讯视频Q4预排播剧目,1
今年618的第一个锦鲤诞生了,1
雷军回武大发了100万奖学金,1
小米AI眼镜售价1999元起,1
618万元红包雨,1
腾讯视频JUMPPARK,1
小米YU7成国产新能源车保值率第一,1
小米集团第一季度营收1112.9亿,1
小米王化回应雷军广告报价,1
小米持有多项保密专利,1
618家装开始卷服务了,0
小米新SU7首批车主交付仪式,1
雷军官宣小米新品发布会时间,1
菜鸟驿站对取件未出库罚款100元,0
雷军说被黑出了心理阴影,0
小米17配色,1
雷军称10月目标是交付2万辆,1
新一代小米SU7共有6款轮毂,1
618我大大方方省了很多钱,1
小米SU7出租车司机被同行举报,0
小米食堂说冰淇淋机快冒烟了,0
极客湾小米15性能评测,1
租房也要趁618过上高配版生活,1
小米17Fold曝光,1
小米把紫色玩明白了,1
小米澎程发布会定档,1
雷军回应小米15涨价幅度,1
SU7坠崖车主发文感谢雷军,1
小米手机维修备件价格公布,0
小米su7被大众追尾后者当场起火,0
618发券力度都向天猫看齐,1
格力诉小米米家电风扇侵权一案胜诉,1
雷军 小米17系列首销成绩远超预期,1
湖北仙桃为雷军送上贺电,1
雷军到达上海后还有余电,1
小米汽车卖一辆亏3万,0
雷军发布会后发文致谢,1
夜神小米15Ultra拍到的璀璨星河,1
小米汽车,1
腾讯神秘AI项目曝光,1
今年618还是在天猫省最多,1
雷军晒实测澎程N90Max续航视频,1
卢伟冰称小米国内首家自研发光材料,1
今年的天猫618也太好买了,1
王腾小米履历,1
腾讯七部热度破30000剧集,0
小米汽车4月交付量超3万台,1
雷军谈小米3nm自研芯片,1
雷军恳请大家转发辟谣,1
小米发布会,1
网警守护618购物安全,1
雷军问是否支持YU7改版本名,1
小米王化回应订单削减,1
小米2024年净利润272亿,1
小米玄戒O1芯片已出货超100万颗,1
618防暑未必花大价钱,1
小米汽车交付周期再次缩短,1
小米澎程低速慢行灯,1
小米17空降巴黎时装周,1
雷军确认第一代SU7停产,1
宝格丽CEO称小米成就堪比苹果,1
宇树王兴兴现身小米发布会,1
小米SU7Ultra,1
马云现身阿里巴巴园区,1
小米16提档,1
马云回国现身阿里总部,1
天猫发双11史上最大补贴消费券,1
小米或将恢复正常宣发,1
天猫国补买空调首次能叠千元券,1
小米YU7,1
小米音频眼镜二代将上线,1
多位车主称小米SU7自动泊车撞墙撞柱,0
小米机器人装配成功率98%,1
村支书卖小米被投诉,0
小米SU7被货车碾压还能开车门放音乐,1
小米汽车高层调整,1
小米徐洁云被通报批评,0
雷军宣布面向下个时代的智能设备,1
腾讯暴跌原因,0
雷军称小米YU7正大规模路测,1
和千玺开启天猫旗舰新体验,1
小米加国补省钱又靠谱,1
天猫十个勤天直播间实到10人,0
天猫88VIP大额券最后一波你用了吗,1
腾讯发了梓渝网易云新歌,1
雷军直播测续航变山东文旅安利,1
小米玄戒O3发布,1
腾讯2025新增永不合作公司名单,0
618期间淘宝再次登顶多国App下载榜,1
雷军称YU7有9成零件重新开发,0
雷军发布小米购置税补贴重要提示,1
雷军点赞小米车主助人善举,1
小米发布618战报,1
小米SU7被货车碾压还能开车门放音乐,1
陈震回应Model3和SU7哪个更好开,1
雷军发言前碎碎念演我备考,1
小米汽车回应为何不公布大定数字,1
阿里跌逾8%,0
雷军回应1300km只充一次电,0
小米挖孔机盖案法院认定存夸大宣传,0
小米笔记本,1
九十余人因触犯腾讯高压线被解聘,0
小米17pro复古掌机保护壳,1
雷军晒AI照,1
王化转岗到小米武汉总部,1
小米18Fold 国产芯存协同,1
腾讯总市值达7000亿美元,1
这届618红黄蓝的含金量还在上升,1
小米申请小米SU7MAX商标被驳回,1
小米澎程N90,1
雷军称去年每卖七部手机就有一部小米,1
小米通报网络黑公关案件,0
小米YU7定制服务,1
雷军回应小米汽车性能过剩,0
原小米高管王腾新公司获数千万元融资,1
小米首台万级大电池手机曝光,1
小米回应男子买小米YU7收到运损车,0
雷军位列全球最佳CEO第八,1
跟杨迪早10晚8上天猫抢硬通货,1
天猫12168元红包现在发用到爽,1
雷军回应小米自研发光材料,1
小米汽车交付量超30万台,1
杨幂用腾讯会议belike,1
小米全球总部15元的员工晚餐,0
服装店称因logo相似被小米起诉,0
雷军重现1300公里只充一次电原话,0
国补下苹果能成618最大赢家吗,1
小米全面支持苹果设备,1
消费者买到xiaonnri电视 小米回应,1
小米徕卡联名新机海外售价16000元,1
雷军小米YU7樱花照,1
叫板拍立得的小米随身拍来了,1
腾讯视频回应播放异常,0
雷军回应是否做10万以内车型,1
王腾晋升小米双料总经理,1
王腾曾被雷军点名动不动泄密,0
苏炳添收到雷军送的钻石黑小米SU7,1
小米集团开涨8%,1
腾讯游戏发布会前瞻看点,1
主流手机仅小米苹果未接入DeepSeek,0
天猫双11美妆买一赠一真5折,1
小米澎程实车内饰曝光,1
小米su7被大众追尾后者当场起火,0
小米SU7Ultra车标中炼出黄金,1
小米打假雷军致公众的一封信,0
雷军50来岁还是帅的太权威了,1
小米su7掉落山崖,0
腾讯回应被龙虾之父指责抄袭,1
卢伟冰回应小米宣布涨价,1
小米辣涨至28元1斤,0
小米员工称平均工时12小时仍被约谈,0
雷军说小米YU7不可能19.9万,1
小米史上最大电池手机曝光,1
字节腾讯同日抢人,1
新华社评小米对标苹果,0
小米称事故车起火并非自燃,1
去年腾讯20余人涉嫌犯罪被移送警方,0
小米SU7 Ultra,1
十个勤天在天猫双11上市了,1
小米18将首发高通2nm处理器,1
小米集团市值一天缩水800亿,0
抖音618抄底攻略来了,1
小米已投资健身公司,1
雷军感谢同行鼓励,1
雷军呼吁企业共同抵制水军黑公关,0
雷军回应小米手机是否涨价,1
小米SU7侧翻起火十余路人抬车救人,0
小米SU7Ultra赛道首撞,0
小米17首发第五代骁龙8至尊版,1
王腾小米工作经历配流汗表情,1
闫闯 小米,1
小米手机13岁生日,1
台风前夕腾讯把企鹅拴住了,0
俞敏洪回应送雷军英语课,1
老头乐向小米汽车致歉,1
小米18Fold,1
夜神小米15Ultra真的绝了,0
小米发布会,1
小米15Ultra夜神人像,1
小米系全线大涨,1
腾讯元宝下载量超DeepSeek,1
王腾回应吐槽小米汽车,1
小米卖一辆车亏6万多,0
车企齐贺小米汽车上市1周年,1
小米SU7Ultra的杯子被抢光了,0
小米发布会,1
小米汽车,1
阿里巴巴第三财季营收2848.4亿元,1
大疆pocket3天猫现货直降900,1
小米2024年财报,1
天猫双11今晚现货加码更好买,1
小米玄戒O1,1
小米财报,1
骄阳似我刷新腾讯纪录,1
智谱股价为何是小米的100倍,0
雷军称将推出小米驾校,1
小米澎程自在的空间,1
SU7Ultra是GT赛车首款中国车,1
用智搜分析看懂小米海报构图争议,1
小米YU7大定破20万台,1
天猫618史上折扣最大消费券来了,1
小米向YU7等待超3个月的用户送礼,0
曝小米18ProMax设定8500mAh电池,1
小米手机涨价300到500元,0
马丽真的代言了天猫年货节,1
雷军强烈推荐现在就换手机,1
腾讯官方晒首间办公室照片,1
雷军回应小米2025年净利润391.7亿,1
小米17Pro和iPhone17Pro真机对比,0
鸿蒙智行 小米,1
小米汽车高管辟谣SOS1秒接通宣传,0
腾讯2024年净利润2227亿,1
腾讯2025第一部破30000剧集,1
雷军回应小米汽车第二张牌还能不能赢,1
马云现身阿里巴巴云谷园区,1
小米扫地机器人自燃引发火灾,0
今天的快乐是京东618五折给的,1
卢伟冰回应小米16提档,1
鹅厂2026大剧片单,1
为什么中产害怕山姆阿里化,0
小米汽车澄清断轴谣言,0
卢伟冰官宣小米澎湃OS4,1
腾讯回应微信提现可免手续费,0
雷军谈小米汽车成功原因,1
腾讯视频星光大赏,1
雷军说未来每周或仅需工作3天,1
小杨哥东方甄选未进618销量前10,0
小米YU7路试,1
腾讯总市值达7000亿美元,1
小米新SU7车主很多来自BBA,1
英伟达下架天猫官方旗舰店所有商品,0
腾讯招商大会剧集预告热度排名,1
小米发布超级岛,1
拯救卫生巾不能只寄希望于雷军,1
雷军说YU7有不可替代的魅力,1
小米SU7断轴车主承认欺瞒网友,0
京东618晚会艺人阵容,1
南通小米su7,1
小米汽车,1
阿里吴嘉谈AI超级框就是全能助手,1
真没时间闹了618天猫大额券用了吗,1
小米YU7怎么读,1
小米二手车收一台卖一台,0
湖南卫视618开心夜阵容官宣,1
雷军回应凌晨五点多拍照,1
雷军回应不锈钢纸杯卖爆,0
雷军称小米增程亏电油耗很低,1
小米揽入特斯拉两员大将,1
阿里CEO称3年内不太可能出现AI泡沫,0
雷军现身发布会,1
小米称永不与大熊合作,0
雷军小米投诉村支书小米不如握手,0
天猫双11美妆补贴历史新高,1
阿里回应千问将与苹果AI合作,1
小米SU7Ultra定价52.99万元,1
腾讯视频二月大剧片单,1
小米增加增程式电动乘用车产品品种,1
李想回应把雷军关车里,1
雷军体验小鹏P7+频频点赞,1
雷军解锁泼水成冰,0
小米创首个纽北自动驾驶圈速纪录,1
小米很快会推出L3L4驾驶,1
小米机器人装配成功率98%,1
小米SU7被外借拍色情片车主决定卖车,0
俞敏洪称没雷军小米卖不了这么好,1
王腾的小米SU7Ultra泊车辅助遇bug,0
小米集团涨4.5%,1
小米15首批用户已收到新机,1
雷军做正式冲击纽北动员,1
