date,open,high,low,close,volume,Ticker
2024/06/03,359.438,371.3931,359.242,367.4734,28125374.0,00700
2024/06/04,367.4734,371.9811,366.2975,369.8252,18043066.0,00700
2024/06/05,370.0212,380.0165,370.0212,373.157,20205424.0,00700
2024/06/06,379.6245,383.1523,371.3931,373.9409,18888938.0,00700
2024/06/07,375.3128,376.8807,365.3176,367.2774,25247259.0,00700
2024/06/11,360.0259,370.2172,360.0259,366.2975,26496779.0,00700
2024/06/12,366.2975,370.2172,362.1818,363.3577,14960058.0,00700
2024/06/13,368.8453,372.961,366.1015,372.1771,15337042.0,00700
2024/06/14,375.1169,375.9008,371.0012,372.1771,20859332.0,00700
2024/06/17,368.6493,378.0566,367.2774,373.549,15281150.0,00700
2024/06/18,373.745,376.0968,369.4333,369.4333,14278934.0,00700
2024/06/19,372.765,383.1523,370.8052,381.1924,22313477.0,00700
2024/06/20,384.1322,384.1322,377.8607,379.8205,14049005.0,00700
2024/06/21,376.0968,377.4687,370.4132,373.745,25855005.0,00700
2024/06/24,370.0212,373.353,366.4935,372.765,12919565.0,00700
2024/06/25,374.1369,377.2727,371.0012,374.3329,12789522.0,00700
2024/06/26,371.5891,375.3128,369.4333,374.3329,11886907.0,00700
2024/06/27,371.9811,372.3731,364.7296,366.8854,17513758.0,00700
2024/06/28,364.1416,368.4533,363.3577,364.9256,15561097.0,00700
2024/07/02,359.634,368.6493,357.8701,361.7898,27266647.0,00700
2024/07/03,359.438,373.157,359.438,371.7851,22256951.0,00700
2024/07/04,379.0366,379.0366,371.0012,374.7249,15437093.0,00700
2024/07/05,377.0767,377.8607,371.1971,372.1771,10522095.0,00700
2024/07/08,374.1369,375.5088,368.0614,371.0012,11623215.0,00700
2024/07/09,369.4333,374.5289,368.4533,373.353,13024401.0,00700
2024/07/10,377.4687,378.0566,369.2373,370.0212,15586645.0,00700
2024/07/11,371.7851,378.2526,370.6092,377.0767,16590064.0,00700
2024/07/12,382.9563,389.2278,381.3884,389.0318,27521352.0,00700
2024/07/15,385.3081,389.0318,380.8004,382.3683,13680185.0,00700
2024/07/16,378.2526,379.6245,370.2172,370.4132,19061149.0,00700
2024/07/17,367.4734,369.8252,361.0059,364.3376,25857823.0,00700
2024/07/18,360.6139,364.1416,359.634,361.7898,18944747.0,00700
2024/07/19,359.242,361.0059,355.7143,356.6942,23088518.0,00700
2024/07/22,359.83,368.2574,358.0661,365.7095,16960926.0,00700
2024/07/23,367.4734,368.8453,358.654,358.85,12104461.0,00700
2024/07/24,358.4581,362.1818,353.3624,355.9102,11800216.0,00700
2024/07/25,352.9705,354.3424,343.9551,344.1511,25787277.0,00700
2024/07/26,345.719,351.2066,345.327,347.2869,13267324.0,00700
2024/07/29,352.5785,354.7343,346.6989,351.0106,12872249.0,00700
2024/07/30,348.2668,350.4226,345.327,346.5029,9749595.0,00700
2024/07/31,345.131,359.438,343.9551,354.9303,20304313.0,00700
2024/08/01,356.4982,361.2019,356.3022,358.2621,12412285.0,00700
2024/08/02,353.5584,358.0661,349.0507,351.0106,17707597.0,00700
2024/08/05,344.935,356.8902,341.9953,349.4427,22963458.0,00700
2024/08/06,353.3624,356.1062,342.3872,347.2869,17674374.0,00700
2024/08/07,348.0708,358.0661,348.0708,356.1062,15840290.0,00700
2024/08/08,353.9504,366.8854,352.1865,360.8099,18811540.0,00700
2024/08/09,363.9457,368.4533,361.0059,362.5738,16353916.0,00700
2024/08/12,364.5336,369.0413,362.5738,367.4734,10215275.0,00700
2024/08/13,368.4533,372.961,368.0614,371.0012,13590391.0,00700
2024/08/14,371.0012,371.7851,361.9858,366.2975,18692686.0,00700
2024/08/15,358.85,367.2774,356.8902,361.0059,21443850.0,00700
2024/08/16,364.5336,367.6694,361.3978,365.1216,16414338.0,00700
2024/08/19,370.0212,370.0212,363.7497,365.1216,15210162.0,00700
2024/08/20,365.3176,366.2975,361.5938,362.9657,11852608.0,00700
2024/08/21,360.0259,366.2975,357.8701,364.1416,11647083.0,00700
2024/08/22,367.2774,370.2172,363.7497,370.2172,16786859.0,00700
2024/08/23,369.4333,371.0012,366.1015,368.0614,13055635.0,00700
2024/08/26,370.4132,377.0767,370.0212,374.3329,16251125.0,00700
2024/08/27,370.4132,374.9209,369.6293,374.1369,13675535.0,00700
2024/08/28,375.3128,375.3128,364.9256,366.6895,14602521.0,00700
2024/08/29,362.5738,370.4132,361.5938,370.0212,12890430.0,00700
2024/08/30,370.0212,377.8607,369.2373,374.3329,30873303.0,00700
2024/09/02,372.3731,375.5088,368.8453,370.2172,13878671.0,00700
2024/09/03,370.4132,373.745,367.2774,370.6092,9814885.0,00700
2024/09/04,366.6895,369.0413,363.7497,365.3176,13278870.0,00700
2024/09/05,362.9657,369.0413,362.9657,365.9055,9576319.0,00700
2024/09/09,362.5738,363.7497,357.8701,363.7497,20078164.0,00700
2024/09/10,361.7898,363.1617,358.654,361.2019,12303441.0,00700
2024/09/11,359.242,363.1617,357.6741,362.7697,12043623.0,00700
2024/09/12,363.5537,369.4333,362.1818,365.1216,13800366.0,00700
2024/09/13,365.3176,369.2373,365.3176,367.2774,11013765.0,00700
2024/09/16,365.1216,370.2172,362.9657,370.2172,7689238.0,00700
2024/09/17,364.5336,373.745,364.5336,372.3731,10147851.0,00700
2024/09/19,371.9811,381.9764,369.0413,380.9964,25801963.0,00700
2024/09/20,382.1723,385.5041,376.0968,380.8004,28407069.0,00700
2024/09/23,380.2125,384.1322,377.4687,379.8205,15223032.0,00700
2024/09/24,385.1121,394.1275,381.5844,394.1275,42919010.0,00700
2024/09/25,409.6104,409.6104,393.3435,397.2633,40112126.0,00700
2024/09/26,399.8111,421.3695,398.6352,421.3695,50254878.0,00700
2024/09/27,434.3046,435.8725,423.9173,429.013,57154793.0,00700
2024/09/30,440.5761,448.2196,425.4852,435.6765,75459468.0,00700
2024/10/02,440.9681,469.974,440.1841,460.5667,48766943.0,00700
2024/10/03,461.5466,467.0342,444.1039,456.8429,31600782.0,00700
2024/10/04,460.5667,469.386,452.9232,468.0141,24663665.0,00700
2024/10/07,470.17,472.7178,460.1747,468.7981,25334387.0,00700
2024/10/08,462.5265,467.2302,429.7969,429.7969,70468024.0,00700
2024/10/09,439.9882,443.9079,415.4899,425.4852,46372903.0,00700
2024/10/10,429.2089,439.5962,427.6411,429.9929,33111230.0,00700
2024/10/14,431.9527,431.9527,415.4899,427.2491,30316807.0,00700
2024/10/15,425.0932,425.0932,404.3187,408.6304,33478410.0,00700
2024/10/16,406.6706,417.2538,404.3187,407.4545,22490256.0,00700
2024/10/17,409.6104,418.2337,401.7709,404.3187,16476899.0,00700
2024/10/18,404.3187,426.8571,403.1428,422.1535,25963857.0,00700
2024/10/21,421.9575,422.7414,410.7863,412.5501,16334100.0,00700
2024/10/22,414.706,415.098,409.6104,413.1381,11027704.0,00700
2024/10/23,414.51,423.5254,408.2385,419.6056,14656951.0,00700
2024/10/24,416.4699,417.0578,411.1782,413.5301,11202752.0,00700
2024/10/25,419.0177,419.0177,410.1983,412.5501,11951879.0,00700
2024/10/28,412.5501,413.7261,405.2987,408.8264,15551935.0,00700
2024/10/29,410.9823,414.902,406.8666,410.0023,13797786.0,00700
2024/10/30,405.2987,409.6104,402.3589,402.7509,17895482.0,00700
2024/10/31,402.1629,410.3943,396.4793,396.4793,22753709.0,00700
2024/11/01,397.8512,413.922,397.8512,410.7863,21086569.0,00700
2024/11/04,414.51,415.2939,407.6505,410.5903,11706119.0,00700
2024/11/05,406.8666,419.2137,406.8666,419.2137,15270863.0,00700
2024/11/06,416.4699,417.6458,404.9067,411.3742,20755203.0,00700
2024/11/07,408.6304,420.9775,406.0826,419.8016,19924018.0,00700
2024/11/08,426.2692,427.2491,410.9823,412.3542,19389836.0,00700
2024/11/11,403.7308,407.2585,401.183,404.9067,22857586.0,00700
2024/11/12,401.183,405.4947,394.9114,395.6954,27303282.0,00700
2024/11/13,389.2278,399.0271,388.0519,395.6954,28307185.0,00700
2024/11/14,393.5395,406.6706,389.8158,395.3034,34898922.0,00700
2024/11/15,395.8914,398.8311,390.9917,392.9516,29061324.0,00700
2024/11/18,397.0673,405.1027,393.5395,396.0873,20493537.0,00700
2024/11/19,398.4392,400.791,395.3034,398.0472,13879296.0,00700
2024/11/20,400.0071,405.4947,398.0472,402.5549,15005135.0,00700
2024/11/21,401.183,403.1428,398.8311,399.4191,12501718.0,00700
2024/11/22,400.595,404.1228,391.5797,392.5596,16949546.0,00700
2024/11/25,391.9716,394.3235,385.8961,387.268,27888308.0,00700
2024/11/26,384.3282,391.1877,384.3282,385.8961,16940574.0,00700
2024/11/27,386.68,398.0472,384.1322,394.7154,16685594.0,00700
2024/11/28,393.3435,396.0873,389.4238,391.9716,13067643.0,00700
2024/11/29,387.072,394.7154,387.072,390.0118,15626995.0,00700
2024/12/02,390.0118,393.5395,387.6599,391.7756,13334410.0,00700
2024/12/03,395.1074,396.2833,386.484,396.2833,18362569.0,00700
2024/12/04,394.1275,397.4592,391.7756,395.1074,14053234.0,00700
2024/12/05,395.3034,398.4392,392.7556,397.0673,13314801.0,00700
2024/12/06,398.6352,406.2786,396.8713,404.3187,27711445.0,00700
2024/12/09,398.0472,412.7461,398.0472,410.3943,22461949.0,00700
2024/12/10,421.3695,422.3494,402.1629,402.9468,30282843.0,00700
2024/12/11,406.4746,406.6706,399.0271,401.5749,13098201.0,00700
2024/12/12,405.6906,414.314,400.987,407.2585,23414258.0,00700
2024/12/13,404.7107,406.6706,400.399,401.5749,16296064.0,00700
2024/12/16,401.7709,403.1428,395.6954,397.4592,14059845.0,00700
2024/12/17,393.9315,399.8111,393.7355,394.5195,16779048.0,00700
2024/12/18,399.8111,400.595,395.8914,397.8512,14906072.0,00700
2024/12/19,394.1275,413.5301,393.3435,406.8666,34671236.0,00700
2024/12/20,405.8866,421.1735,405.8866,417.8418,44834041.0,00700
2024/12/23,421.9575,422.3494,407.8465,411.7662,20856154.0,00700
2024/12/24,412.5501,413.1381,409.2184,411.5702,7873769.0,00700
2024/12/27,409.2184,412.5501,407.2585,409.0224,13545082.0,00700
2024/12/30,409.6104,413.3341,407.4545,410.5903,13515622.0,00700
2024/12/31,408.8264,412.9421,407.4545,408.6304,10867280.0,00700
2025/01/02,408.6304,416.4699,405.2987,407.6505,20733037.0,00700
2025/01/03,409.6104,410.5903,402.1629,405.8866,16843241.0,00700
2025/01/06,406.6706,406.6706,399.0271,401.183,16869318.0,00700
2025/01/07,372.961,384.9161,369.0413,371.9811,142920468.0,00700
2025/01/08,363.7497,372.1771,358.2621,361.7898,95456188.0,00700
2025/01/09,357.6741,371.7851,357.6741,365.9055,60578450.0,00700
2025/01/10,366.1015,371.7851,362.1818,362.1818,37053933.0,00700
2025/01/13,357.4781,364.1416,357.4781,358.654,34785015.0,00700
2025/01/14,358.2621,371.9811,358.2621,367.4734,40623785.0,00700
2025/01/15,365.9055,377.6647,365.5135,372.3731,29158255.0,00700
2025/01/16,376.2928,378.8406,369.0413,374.7249,26141103.0,00700
2025/01/17,373.353,374.5289,370.8052,372.1771,17138321.0,00700
2025/01/20,372.569,384.9161,372.569,381.9764,31141403.0,00700
2025/01/21,384.1322,384.3282,378.6446,379.6245,25249668.0,00700
2025/01/22,377.2727,380.8004,373.353,375.7048,17859069.0,00700
2025/01/23,375.3128,378.2526,371.9811,373.549,21256810.0,00700
2025/01/24,375.5088,384.5242,374.5289,382.7603,24079119.0,00700
2025/01/27,380.2125,390.0118,380.2125,387.6599,23605938.0,00700
2025/01/28,392.9516,397.8512,390.9917,393.1475,14203491.0,00700
2025/02/03,391.9716,396.6753,386.288,396.0873,27917841.0,00700
2025/02/04,400.987,412.7461,398.8311,412.3542,31276268.0,00700
2025/02/05,413.1381,413.1381,401.7709,409.4144,32129392.0,00700
2025/02/06,407.8465,411.9622,405.1027,411.9622,19585105.0,00700
2025/02/07,411.9622,423.7213,409.4144,419.6056,34567530.0,00700
2025/02/10,420.9775,430.9728,420.1936,428.229,31411302.0,00700
2025/02/11,431.1688,432.3447,417.0578,418.8217,30893563.0,00700
2025/02/12,420.3896,435.6765,417.4498,435.2845,38264929.0,00700
2025/02/13,439.9882,455.2751,428.229,433.1287,60985718.0,00700
2025/02/14,440.7721,465.2703,437.6363,465.2703,74519223.0,00700
2025/02/17,495.8441,501.7237,475.2656,483.693,126223580.0,00700
2025/02/18,484.281,502.7036,483.889,493.3943,62529454.0,00700
2025/02/19,489.9645,490.4545,483.301,487.8087,34127174.0,00700
2025/02/20,481.3412,483.105,472.9138,477.0295,34549151.0,00700
2025/02/21,494.8642,506.6233,489.3766,506.6233,73545153.0,00700
2025/02/24,511.523,511.523,487.2207,487.2207,67542767.0,00700
2025/02/25,468.2101,481.1452,466.8382,475.0696,56509529.0,00700
2025/02/26,478.2054,497.804,478.0094,491.4344,40489654.0,00700
2025/02/27,493.3943,501.7237,481.7331,485.4569,38902820.0,00700
2025/02/28,482.9091,487.8087,466.4462,468.9941,52160819.0,00700
2025/03/03,473.8937,487.0248,470.17,473.5017,32752021.0,00700
2025/03/04,469.386,483.105,463.7024,481.1452,31124964.0,00700
2025/03/05,491.9244,498.7839,488.0047,495.3542,35165757.0,00700
2025/03/06,510.5431,533.0814,510.5431,533.0814,79683892.0,00700
2025/03/07,528.1818,536.0212,518.3825,522.7922,46494425.0,00700
2025/03/10,517.4026,526.7119,501.7237,506.1334,34415026.0,00700
2025/03/11,491.4344,509.5631,490.4545,507.1133,33852768.0,00700
2025/03/12,512.5029,514.4628,494.8642,501.7237,28031056.0,00700
2025/03/13,502.7036,505.6434,489.1806,497.314,27326941.0,00700
2025/03/14,502.7036,520.3423,497.314,511.033,30711707.0,00700
2025/03/17,521.3223,523.7721,511.523,513.9728,22096160.0,00700
2025/03/18,527.6918,532.5915,522.7922,530.1416,33639833.0,00700
2025/03/19,531.6115,534.0614,523.2821,529.1617,31604153.0,00700
2025/03/20,529.6517,530.1416,507.6033,509.0732,49845030.0,00700
2025/03/21,507.6033,515.4427,495.3542,501.2337,42260479.0,00700
2025/03/24,503.6836,507.1133,494.3742,502.7036,24598555.0,00700
2025/03/25,502.7036,505.1534,490.9445,491.9244,27744935.0,00700
2025/03/26,491.9244,500.2538,491.9244,496.3341,17310634.0,00700
2025/03/27,498.7839,505.6434,491.9244,498.7839,17595617.0,00700
2025/03/28,501.2337,506.1334,493.3943,499.2739,18594342.0,00700
2025/03/31,494.8642,497.314,484.6729,487.0248,28036973.0,00700
2025/04/01,490.9445,501.2337,489.9645,493.8843,19518013.0,00700
2025/04/02,494.8642,498.7839,489.1806,493.8843,14247546.0,00700
2025/04/03,483.105,490.4545,481.3412,487.8087,29219618.0,00700
2025/04/07,432.9327,453.1192,422.3494,426.6611,123364114.0,00700
2025/04/08,431.9527,442.144,421.3695,431.5608,65120104.0,00700
2025/04/09,417.4498,438.0283,410.5903,432.3447,66484213.0,00700
2025/04/10,450.7674,452.3353,434.1086,435.8725,57799983.0,00700
2025/04/11,431.1688,443.5159,423.3294,434.5006,46594597.0,00700
2025/04/14,443.9079,449.9834,439.7922,444.8878,30346489.0,00700
2025/04/15,455.2751,455.2751,442.536,446.8477,20245398.0,00700
2025/04/16,441.556,442.536,431.3648,439.0082,27322773.0,00700
2025/04/17,441.3601,452.7272,440.7721,448.8075,24479822.0,00700
2025/04/22,450.7674,453.5112,444.1039,451.1594,24043746.0,00700
2025/04/23,466.4462,469.778,461.9386,464.6824,27001392.0,00700
2025/04/24,467.4262,468.2101,455.667,461.5466,18912016.0,00700
2025/04/25,470.366,476.0495,465.4663,468.6021,28746958.0,00700
2025/04/28,472.7178,472.7178,465.2703,468.6021,13805160.0,00700
2025/04/29,468.2101,468.7981,459.5867,463.5065,16367401.0,00700
2025/04/30,465.4663,467.6222,459.9787,467.6222,15312733.0,00700
2025/05/02,468.6021,479.9693,467.8181,478.0094,13240838.0,00700
2025/05/06,481.7331,486.8288,475.4616,485.4569,19813305.0,00700
2025/05/07,498.7839,499.2739,479.7733,479.9693,25616342.0,00700
2025/05/08,477.2255,491.9244,476.8335,488.0047,19815740.0,00700
2025/05/09,489.9645,493.3943,482.1251,484.6729,13777285.0,00700
2025/05/12,493.8843,511.033,488.9846,507.1133,35846811.0,00700
2025/05/13,509.5631,509.5631,495.3542,495.8441,23119901.0,00700
2025/05/14,501.7237,510.5431,500.2538,510.5431,24294663.0,00700
2025/05/15,520.8323,521.3223,504.6635,509.5631,32799956.0,00700
2025/05/16,503.6322,511.0458,500.6668,502.1495,21334027.0,00700
2025/05/19,502.1495,511.0458,496.7128,508.0804,22457714.0,00700
2025/05/20,506.5977,511.5401,505.6092,511.0458,15792185.0,00700
2025/05/21,513.0228,518.4595,509.5631,514.5055,18924042.0,00700
2025/05/22,514.0113,514.0113,507.0919,510.5516,14281176.0,00700
2025/05/23,511.0458,514.5055,506.1034,512.0343,16262610.0,00700
2025/05/26,509.0689,511.0458,502.1495,504.1265,17286567.0,00700
2025/05/27,502.6437,508.5746,501.161,506.1034,14986877.0,00700
2025/05/28,507.0919,509.0689,496.7128,500.1725,16813826.0,00700
2025/05/29,502.1495,506.1034,497.7013,504.6207,19368449.0,00700
2025/05/30,500.1725,500.6668,490.2877,492.4624,28284004.0,00700
2025/06/02,487.3223,493.4508,483.9614,492.6601,13086586.0,00700
2025/06/03,498.1956,499.6783,495.2301,499.1841,14609189.0,00700
2025/06/04,504.1265,507.0919,501.161,506.1034,18378499.0,00700
2025/06/05,511.5401,511.5401,503.138,509.0689,19329282.0,00700
2025/06/06,509.5631,510.5516,505.1149,509.0689,13137101.0,00700
2025/06/09,514.0113,514.9998,506.5977,512.0343,18481403.0,00700
2025/06/10,513.5171,514.0113,502.6437,507.5862,17039003.0,00700
2025/06/11,511.0458,512.0343,508.5746,512.0343,14784979.0,00700
2025/06/12,512.0343,512.0343,502.1495,504.1265,13368048.0,00700
2025/06/13,504.6207,509.5631,500.1725,504.1265,19085310.0,00700
2025/06/16,501.161,506.1034,498.6898,503.6322,13784320.0,00700
2025/06/17,508.0804,508.0804,500.6668,507.5862,11524031.0,00700
2025/06/18,504.1265,505.1149,497.7013,502.1495,15187515.0,00700
2025/06/19,497.2071,500.1725,490.2877,492.2647,19387767.0,00700
2025/06/20,498.6898,499.6783,490.2877,499.6783,20622275.0,00700
2025/06/23,492.4624,498.1956,488.9038,498.1956,14252887.0,00700
2025/06/24,502.1495,505.1149,498.1956,503.6322,17768858.0,00700
2025/06/25,506.1034,509.0689,502.1495,506.5977,17592461.0,00700
2025/06/26,506.1034,507.0919,501.6553,507.0919,15000643.0,00700
2025/06/27,506.1034,508.5746,504.1265,507.0919,15181667.0,00700
2025/06/30,503.138,505.6092,497.2071,497.2071,18464531.0,00700
2025/07/02,502.1495,502.6437,494.2416,495.7244,18203168.0,00700
2025/07/03,494.2416,497.7013,488.113,495.2301,18956331.0,00700
2025/07/04,487.3223,495.7244,487.3223,491.0785,14658173.0,00700
2025/07/07,489.4969,496.2186,488.3107,496.2186,11631687.0,00700
2025/07/08,499.1841,499.1841,494.2416,498.6898,13172857.0,00700
2025/07/09,498.1956,498.1956,489.2992,491.8693,17820435.0,00700
2025/07/10,491.8693,493.8462,488.5084,490.8808,14032556.0,00700
2025/07/11,491.2762,499.1841,490.8808,490.8808,19225560.0,00700
2025/07/14,491.2762,495.7244,490.2877,494.2416,11704663.0,00700
2025/07/15,496.7128,512.0343,494.2416,511.5401,27446891.0,00700
2025/07/16,514.0113,519.9422,510.0574,510.5516,23250693.0,00700
2025/07/17,513.5171,513.5171,505.1149,511.0458,13735794.0,00700
2025/07/18,518.9537,518.9537,510.5516,513.0228,13781113.0,00700
2025/07/21,516.4825,516.4825,508.5746,515.494,13273287.0,00700
2025/07/22,515.494,519.9422,513.0228,519.9422,17600260.0,00700
2025/07/23,523.8961,545.6428,520.9307,545.6428,46744850.0,00700
2025/07/24,547.1255,553.5506,541.6888,550.5852,24180342.0,00700
2025/07/25,545.6428,548.6082,539.7119,544.16,19886923.0,00700
2025/07/28,544.16,551.5737,540.2061,549.1025,14661199.0,00700
2025/07/29,545.1485,550.0909,539.7119,548.6082,16847424.0,00700
2025/07/30,543.6658,549.5967,536.2522,542.6773,19362555.0,00700
2025/07/31,540.7003,552.5621,538.7234,543.6658,20453269.0,00700
2025/08/01,545.1485,548.114,527.3558,528.8385,21203861.0,00700
2025/08/04,529.827,545.1485,526.8616,543.6658,17340007.0,00700
2025/08/05,548.114,552.5621,542.6773,552.5621,17347823.0,00700
2025/08/06,553.5506,563.4355,551.5737,561.9527,20737133.0,00700
2025/08/07,564.4239,565.4124,554.0449,560.47,16940382.0,00700
2025/08/08,560.47,561.9527,551.0794,554.5391,13305719.0,00700
2025/08/11,554.5391,556.0218,547.1255,554.5391,11790350.0,00700
2025/08/12,551.0794,557.9988,549.5967,553.0564,13827897.0,00700
2025/08/13,561.4585,579.2512,559.4815,579.2512,37596415.0,00700
2025/08/14,593.09,593.09,582.2166,583.2051,36339315.0,00700
2025/08/15,580.2397,589.6303,577.7685,585.1821,22176876.0,00700
2025/08/18,587.1591,589.136,580.2397,580.2397,17590658.0,00700
2025/08/19,581.2282,590.1245,576.2857,585.6763,16359474.0,00700
2025/08/20,582.2166,587.6533,578.757,583.6994,15952765.0,00700
2025/08/21,583.6994,590.1245,582.7109,586.1706,14290178.0,00700
2025/08/22,592.1015,599.5151,588.6418,593.09,19378950.0,00700
2025/08/25,601.4921,613.8481,600.9978,607.423,25694519.0,00700
2025/08/26,604.9518,610.8827,602.4806,602.4806,20656474.0,00700
2025/08/27,605.9402,607.423,588.1475,592.1015,21263402.0,00700
2025/08/28,588.1475,592.1015,583.2051,587.1591,21712370.0,00700
2025/08/29,588.6418,598.0324,587.1591,589.6303,18234935.0,00700
2025/09/01,598.0324,602.9748,594.5727,598.0324,15958837.0,00700
2025/09/02,598.5266,601.4921,592.1015,593.5842,14808157.0,00700
2025/09/03,599.5151,605.9402,589.136,591.6072,15523985.0,00700
2025/09/04,598.0324,598.0324,584.1936,585.6763,18003934.0,00700
2025/09/05,592.5957,601.9863,588.6418,598.5266,19047729.0,00700
2025/09/08,598.5266,611.8711,598.0324,610.3884,21815489.0,00700
2025/09/09,612.8596,620.7675,610.3884,619.779,19871460.0,00700
2025/09/10,622.7445,631.6408,620.7675,626.2042,19193376.0,00700
2025/09/11,625.7099,625.7099,616.8136,622.2502,18191860.0,00700
2025/09/12,637.5717,641.5256,634.6063,636.089,20780375.0,00700
2025/09/15,638.5602,641.0314,630.1581,636.089,16371242.0,00700
2025/09/16,639.5487,642.0199,633.1235,637.5717,13339685.0,00700
2025/09/17,639.0544,655.8586,637.5717,653.8817,22349048.0,00700
2025/09/18,654.3759,656.8471,628.1811,634.6063,29989898.0,00700
2025/09/19,639.5487,639.5487,630.6523,635.1005,20805608.0,00700
2025/09/22,634.6063,636.089,626.6984,633.6178,12899662.0,00700
2025/09/23,634.112,636.089,619.779,628.1811,15293080.0,00700
2025/09/24,626.2042,643.5026,620.7675,641.0314,18440788.0,00700
2025/09/25,643.5026,651.4105,636.089,642.5141,17384258.0,00700
2025/09/26,637.5717,645.4796,632.6293,636.5832,19504951.0,00700
2025/09/29,642.0199,656.8471,640.0429,652.399,20489556.0,00700
2025/09/30,650.422,658.8241,649.9277,655.3644,20610633.0,00700
2025/10/02,659.8126,675.1341,657.8356,668.7089,17137745.0,00700
2025/10/03,669.2032,672.1686,662.2838,665.7435,7125093.0,00700
2025/10/06,667.2262,674.6398,662.2838,669.6974,7828323.0,00700
2025/10/08,672.1686,672.1686,661.7895,667.2262,10540730.0,00700
2025/10/09,667.2262,673.1571,657.8356,667.7204,14454705.0,00700
2025/10/10,661.2953,661.2953,640.0429,643.9968,19904705.0,00700
2025/10/13,622.7445,641.0314,615.3308,631.6408,38012175.0,00700
2025/10/14,635.1005,636.5832,609.8942,613.8481,26797863.0,00700
2025/10/15,617.3078,625.7099,613.3539,619.779,18381023.0,00700
2025/10/16,618.7905,621.756,608.4115,612.8596,14285465.0,00700
2025/10/17,611.3769,613.3539,595.5612,600.9978,18654519.0,00700
2025/10/20,616.8136,625.2157,614.3424,620.2733,14963360.0,00700
2025/10/21,635.5947,636.5832,622.7445,623.2387,14171988.0,00700
2025/10/22,618.7905,621.756,609.3999,616.3193,9979448.0,00700
2025/10/23,612.8596,628.6754,610.8827,625.7099,12419348.0,00700
2025/10/24,631.6408,634.112,626.2042,630.1581,11997034.0,00700
2025/10/27,641.5256,648.445,638.5602,648.445,16043970.0,00700
2025/10/28,648.445,648.445,633.6178,637.5717,16295470.0,00700
2025/10/30,649.4335,656.3529,637.5717,643.5026,21772780.0,00700
2025/10/31,643.9968,647.4565,621.756,621.756,20578283.0,00700
2025/11/03,623.2387,626.6984,615.3308,620.7675,11591004.0,00700
2025/11/04,623.7329,632.6293,618.2963,621.756,14972125.0,00700
2025/11/05,613.8481,624.7214,605.9402,621.756,13309811.0,00700
2025/11/06,622.2502,638.0659,622.2502,636.5832,13081287.0,00700
2025/11/07,630.6523,635.5947,621.2617,626.6984,13314360.0,00700
2025/11/10,633.6178,643.5026,633.6178,642.0199,14513815.0,00700
2025/11/11,654.3759,654.3759,633.6178,642.5141,13087772.0,00700
2025/11/12,647.4565,650.9162,644.4911,649.4335,13658568.0,00700
2025/11/13,642.0199,652.399,637.5717,648.445,17299913.0,00700
2025/11/14,637.5717,651.4105,632.6293,633.6178,19956444.0,00700
2025/11/17,632.6293,635.1005,625.7099,629.1696,13794477.0,00700
2025/11/18,620.7675,633.6178,613.3539,616.3193,18818609.0,00700
2025/11/19,620.2733,624.2272,612.3654,615.3308,13959708.0,00700
2025/11/20,619.2848,623.2387,608.4115,613.8481,14015988.0,00700
2025/11/21,602.9748,607.9172,599.0209,602.9748,23732050.0,00700
2025/11/24,607.9172,620.2733,606.4345,617.3078,22376801.0,00700
2025/11/25,625.7099,627.6869,613.3539,617.802,14877620.0,00700
2025/11/26,621.2617,622.7445,610.8827,612.3654,14429595.0,00700
2025/11/27,610.8827,613.3539,601.9863,604.4575,15493209.0,00700
2025/11/28,604.4575,609.8942,601.4921,604.4575,13216245.0,00700
2025/12/01,606.4345,615.8251,605.9402,612.3654,12643338.0,00700
2025/12/02,618.2963,618.7905,607.9172,609.8942,11460186.0,00700
2025/12/03,608.9057,608.9057,601.4921,603.9633,11002158.0,00700
2025/12/04,602.9748,605.9402,598.0324,604.9518,15329748.0,00700
2025/12/05,598.0324,603.9633,597.0439,602.9748,14638391.0,00700
2025/12/08,600.5036,602.4806,597.0439,598.0324,13421327.0,00700
2025/12/09,602.4806,602.9748,589.136,595.5612,17431321.0,00700
2025/12/10,595.0669,596.0554,588.1475,596.0554,14750743.0,00700
2025/12/11,601.9863,604.9518,592.1015,594.5727,12480887.0,00700
2025/12/12,600.9978,608.9057,594.5727,608.9057,17825495.0,00700
2025/12/15,599.0209,601.4921,595.0669,596.0554,15165502.0,00700
2025/12/16,595.5612,596.0554,585.1821,589.6303,15987678.0,00700
2025/12/17,590.1245,599.0209,587.6533,598.0324,14824785.0,00700
2025/12/18,594.0784,599.0209,592.1015,598.0324,10153604.0,00700
2025/12/19,602.9748,610.3884,600.0093,606.9287,17765762.0,00700
2025/12/22,612.8596,614.3424,602.9748,607.423,13868060.0,00700
2025/12/23,606.4345,607.423,594.5727,595.0669,15623392.0,00700
2025/12/24,591.113,597.5381,591.113,596.0554,7324553.0,00700
2025/12/29,599.0209,603.9633,589.136,589.6303,18502650.0,00700
2025/12/30,591.6072,594.0784,587.1591,593.09,13582535.0,00700
2025/12/31,590.6188,595.5612,589.136,592.1015,10838209.0,00700
2026/01/02,593.5842,617.3078,593.5842,615.8251,16200058.0,00700
2026/01/05,616.8136,620.7675,608.4115,617.3078,19947025.0,00700
2026/01/06,619.779,631.1466,618.7905,625.2157,24168431.0,00700
2026/01/07,620.2733,622.2502,607.9172,617.3078,21378622.0,00700
2026/01/08,611.3769,613.8481,602.9748,608.9057,18742539.0,00700
2026/01/09,608.9057,609.8942,602.9748,603.9633,17813669.0,00700
2026/01/12,608.9057,620.2733,606.4345,615.8251,27530129.0,00700
2026/01/13,629.6638,631.6408,615.3308,620.2733,24212695.0,00700
2026/01/14,626.6984,631.1466,618.7905,625.7099,28677291.0,00700
2026/01/15,623.7329,625.2157,611.3769,614.8366,26194252.0,00700
2026/01/16,619.779,622.7445,606.4345,610.3884,20616793.0,00700
2026/01/19,606.4345,607.423,601.4921,602.9748,13233330.0,00700
2026/01/20,594.0784,600.0093,591.113,594.0784,24332228.0,00700
2026/01/21,591.113,599.0209,591.113,595.5612,16003431.0,00700
2026/01/22,597.5381,598.5266,589.136,590.6188,27168713.0,00700
2026/01/23,590.6188,595.0669,588.1475,588.1475,19177660.0,00700
2026/01/26,588.1475,598.0324,587.1591,592.5957,17439619.0,00700
2026/01/27,593.09,603.469,591.6072,600.0093,23887447.0,00700
2026/01/28,605.9402,615.8251,603.469,613.8481,25577066.0,00700
2026/01/29,607.423,617.802,605.446,614.8366,22951530.0,00700
2026/01/30,607.9172,612.3654,598.5266,599.0209,21479886.0,00700
2026/02/02,591.113,597.5381,583.6994,591.6072,27926332.0,00700
2026/02/03,591.6072,594.5727,554.5391,574.3088,65128647.0,00700
2026/02/04,565.4124,567.8836,551.5737,551.5737,60374834.0,00700
2026/02/05,543.6658,555.0334,534.7694,552.0679,79306977.0,00700
2026/02/06,539.7119,551.0794,536.7464,541.1946,35402860.0,00700
2026/02/09,543.6658,556.0218,543.6658,553.5506,26375723.0,00700
2026/02/10,556.5161,559.4815,540.7003,544.6543,29211865.0,00700
2026/02/11,536.7464,544.16,536.7464,541.6888,23759058.0,00700
2026/02/12,530.8155,534.7694,524.3904,529.3328,39790780.0,00700
2026/02/13,519.448,528.3443,518.9537,525.8731,26900740.0,00700
2026/02/16,523.8961,528.8385,521.4249,526.8616,7224483.0,00700
2026/02/20,525.3789,526.8616,512.0343,515.9883,21351884.0,00700
2026/02/23,522.9076,536.7464,521.9192,531.804,22136687.0,00700
2026/02/24,528.3443,528.3443,510.0574,514.0113,36134943.0,00700
2026/02/25,516.4825,522.9076,515.9883,516.4825,22838866.0,00700
2026/02/26,522.9076,523.4019,506.1034,506.1034,25547825.0,00700
2026/02/27,504.6207,524.3904,504.6207,512.0343,32229030.0,00700
2026/03/02,505.6092,514.0113,501.161,508.0804,30816358.0,00700
2026/03/03,512.0343,519.448,504.6207,504.6207,27370602.0,00700
2026/03/04,500.1725,509.0689,493.0555,500.1725,32965198.0,00700
2026/03/05,503.6322,509.5631,495.7244,496.2186,23955443.0,00700
2026/03/06,498.1956,515.9883,496.2186,513.0228,30359878.0,00700
2026/03/09,496.7128,511.5401,496.7128,510.0574,31383491.0,00700
2026/03/10,518.9537,549.5967,518.9537,547.1255,57862244.0,00700
2026/03/11,571.3433,571.3433,541.6888,545.6428,47623240.0,00700
2026/03/12,544.16,550.5852,535.2637,540.2061,19663840.0,00700
2026/03/13,540.2061,552.0679,536.7464,541.1946,17183958.0,00700
2026/03/16,544.6543,558.9873,537.2407,552.0679,24217363.0,00700
2026/03/17,556.5161,559.4815,542.6773,543.6658,22872974.0,00700
2026/03/18,540.2061,545.6428,536.2522,544.16,21350876.0,00700
2026/03/19,521.9192,523.4019,506.1034,507.0919,59432770.0,00700
2026/03/20,499.1841,513.0228,499.1841,502.1495,24924662.0,00700
2026/03/23,492.067,500.1725,489.4969,492.6601,35123702.0,00700
2026/03/24,502.1495,514.0113,494.2416,508.0804,29358876.0,00700
2026/03/25,513.0228,515.494,496.2186,499.6783,37353909.0,00700
2026/03/26,495.2301,501.6553,489.2992,489.8923,22623215.0,00700
2026/03/27,485.543,492.4624,481.9844,487.7176,20345920.0,00700
2026/03/30,479.4144,480.2052,470.518,476.0535,28410968.0,00700
2026/03/31,478.8213,486.3338,474.472,478.4259,25801397.0,00700
2026/04/01,498.1956,498.1956,487.3223,490.8808,21275055.0,00700
2026/04/02,490.2877,490.2877,479.4144,483.566,17030828.0,00700
2026/04/08,498.6898,504.1265,495.2301,502.1495,32856156.0,00700
2026/04/09,500.6668,508.5746,497.2071,502.6437,20722763.0,00700
2026/04/10,502.1495,508.0804,495.2301,498.6898,20671874.0,00700
2026/04/13,492.6601,497.2071,482.1821,484.3568,21140848.0,00700
2026/04/14,491.6716,491.6716,480.6006,487.5199,17833779.0,00700
2026/04/15,494.2416,504.1265,491.6716,493.2532,20288791.0,00700
2026/04/16,500.6668,511.0458,498.1956,511.0458,22559081.0,00700
2026/04/17,506.1034,511.0458,500.1725,504.6207,13747249.0,00700
2026/04/20,503.6322,520.4364,498.6898,516.4825,23428202.0,00700
2026/04/21,516.9767,519.448,509.5631,513.0228,13113816.0,00700
2026/04/22,507.5862,508.5746,496.2186,498.1956,23170931.0,00700
2026/04/23,494.2416,496.2186,489.4969,489.4969,23497267.0,00700
2026/04/24,481.3914,489.2992,481.3914,487.7176,18566187.0,00700
2026/04/27,484.3568,485.3453,472.495,473.0881,45048027.0,00700
2026/04/28,470.518,476.0535,466.5641,468.3434,25793090.0,00700
2026/04/29,469.1342,475.0651,469.1342,473.6812,19321018.0,00700
2026/04/30,468.5411,469.3319,457.8654,462.4125,38406905.0,00700
2026/05/04,464.3894,473.2858,464.3894,467.5526,23758824.0,00700
2026/05/05,463.5987,466.9595,460.2378,466.7618,13004679.0,00700
2026/05/06,465.1802,467.948,454.9,457.6678,44367227.0,00700
2026/05/07,466.7618,475.4605,466.7618,471.9019,40989511.0,00700
2026/05/08,469.5296,470.1226,463.0056,465.971,25207039.0,00700
2026/05/11,459.6447,465.7733,458.2608,459.0516,27814648.0,00700
2026/05/12,456.6793,463.5987,451.9346,451.9346,32469707.0,00700
2026/05/13,450.7484,460.4355,448.7714,457.2724,26616535.0,00700
2026/05/14,468.7388,474.0766,453.3184,454.9,39339032.0,00700
2026/05/15,459.0,462.6,454.2,456.4,26449868.0,00700
2026/05/18,455.0,457.8,445.8,449.2,29497076.0,00700
2026/05/19,449.2,468.8,448.6,460.0,33736701.0,00700
2026/05/20,460.0,463.4,453.6,455.2,18927606.0,00700
2026/05/21,460.0,460.0,438.4,439.0,39653795.0,00700
2026/05/22,442.2,445.0,438.8,441.4,23998219.0,00700
2026/05/26,438.0,441.0,432.0,439.0,32795639.0,00700
2026/05/27,435.8,442.6,433.6,434.4,24863984.0,00700
2026/05/28,431.0,432.8,420.4,425.0,42196103.0,00700
2026/05/29,428.2,438.4,423.6,427.2,48005475.0,00700
2026/06/01,432.4,442.0,430.0,436.0,35164391.0,00700
2026/06/02,438.0,484.8,437.4,481.6,101874275.0,00700
2026/06/03,484.0,484.0,461.6,466.4,49104320.0,00700
2026/06/04,462.6,468.6,454.8,459.0,29053909.0,00700
2026/06/05,461.6,466.2,452.2,453.2,31649780.0,00700
2026/06/08,447.8,458.2,443.2,446.4,29019096.0,00700
2026/06/09,443.8,468.4,443.2,453.2,37387399.0,00700
2026/06/10,454.8,471.0,451.6,465.6,35788237.0,00700
2026/06/11,469.8,475.6,455.0,457.2,28580619.0,00700
2026/06/12,466.0,467.0,459.4,463.6,22334646.0,00700
2026/06/15,475.0,476.8,457.8,459.6,19748938.0,00700
2026/06/16,462.6,462.6,445.4,447.4,24323142.0,00700
2026/06/17,445.6,454.0,445.4,445.4,16962334.0,00700
2026/06/18,440.0,446.2,435.6,440.2,30119117.0,00700
2026/06/22,439.0,439.0,428.4,433.0,31563111.0,00700
2026/06/23,430.0,432.4,413.6,414.8,43435789.0,00700
2026/06/24,414.0,439.8,412.6,428.8,39958288.0,00700
2026/06/25,428.6,428.6,418.0,421.4,29472428.0,00700
2026/06/26,418.0,421.2,411.0,411.8,31872909.0,00700
2026/06/29,417.0,432.0,415.0,420.2,33066070.0,00700
2026/06/30,421.2,435.6,418.4,429.8,38994409.0,00700
2026/07/02,442.6,447.0,429.4,430.2,40905100.0,00700
2026/07/03,433.0,445.8,431.2,431.2,24957296.0,00700
2026/07/06,432.8,453.4,425.4,452.0,41502083.0,00700
2026/07/07,459.0,479.8,457.0,461.2,55418434.0,00700
2026/07/08,461.2,482.8,460.6,478.8,56278627.0,00700
2026/07/09,479.0,485.0,467.2,469.6,42402152.0,00700
2026/07/10,472.8,473.6,458.8,460.2,40440298.0,00700
2026/07/13,463.2,473.8,456.2,457.6,24291842.0,00700
2026/07/14,457.6,459.2,447.4,456.2,25540540.0,00700
2026/07/15,467.6,476.4,455.4,474.0,33780856.0,00700
2026/07/16,478.0,494.8,477.4,484.0,42851475.0,00700
2026/07/17,488.8,488.8,458.0,461.6,36237657.0,00700
2026/07/20,465.6,481.8,465.6,477.8,30822839.0,00700
2026/07/21,478.2,482.6,472.8,474.0,21362780.0,00700
2026/07/22,468.0,468.0,440.6,440.6,66379871.0,00700
2026/07/23,440.0,450.8,439.0,445.2,22888528.0,00700
2026/07/24,438.2,438.8,432.0,434.6,22959603.0,00700
2026/07/27,438.8,446.4,435.4,443.0,14454552.0,00700
2026/07/28,447.8,452.0,441.6,447.2,18143997.0,00700
2026/07/29,453.0,469.4,450.0,466.4,36203193.0,00700
2026/07/30,466.4,475.0,462.8,471.8,31791979.0,00700
2026/07/31,470.0,479.8,462.0,475.2,31100240.0,00700
2026/08/03,482.0,491.0,480.6,490.4,38649910.0,00700
2026/08/04,491.0,494.8,480.8,487.6,24860019.0,00700
2026/08/05,493.4,497.8,482.2,492.2,25662478.0,00700
2026/08/06,491.0,491.0,479.0,479.2,21801977.0,00700
2026/08/07,479.0,483.2,475.4,478.8,16319939.0,00700
2026/08/10,479.0,483.6,476.4,481.4,15508724.0,00700
2026/08/11,481.2,483.8,469.6,470.8,19558079.0,00700
2026/08/12,464.6,467.2,456.2,461.6,27593015.0,00700
2026/08/13,446.4,452.2,439.6,441.0,66424623.0,00700
2026/08/14,436.0,445.0,436.0,440.0,30601060.0,00700
2026/08/17,444.8,450.4,442.6,446.4,19842808.0,00700
2026/08/18,444.2,446.2,437.6,442.4,23218078.0,00700
2026/08/19,438.2,449.4,438.2,447.2,19773887.0,00700
2026/08/20,454.6,457.4,448.8,451.4,19621298.0,00700
2026/08/21,451.0,457.2,445.0,457.0,22326906.0,00700
2026/08/24,450.0,451.4,438.4,440.0,29180102.0,00700
2026/08/25,440.0,444.6,438.0,442.0,13032108.0,00700
2026/08/26,445.0,450.0,443.2,445.4,14643242.0,00700
2026/08/27,450.8,451.8,446.6,447.8,11487100.0,00700
2026/08/28,444.0,462.2,443.4,455.2,27742475.0,00700
2026/08/31,451.0,456.2,446.0,453.0,20149770.0,00700
2024/06/03,73.0021,73.9564,72.9544,73.1452,73997961.0,09988
2024/06/04,72.525,73.3361,72.4295,72.9067,30437293.0,09988
2024/06/05,73.6224,74.8152,73.0975,73.4315,41354457.0,09988
2024/06/06,74.5289,74.8629,73.1452,73.5747,39115156.0,09988
2024/06/07,74.5289,74.5289,73.3838,73.5747,46037914.0,09988
2024/06/11,73.0975,73.5269,72.2864,72.9544,45378373.0,09988
2024/06/12,72.6335,73.3159,72.1947,72.2922,34449076.0,09988
2024/06/13,73.4134,73.4622,71.8535,72.6335,51382442.0,09988
2024/06/14,71.9023,72.0485,70.4398,70.9761,61962416.0,09988
2024/06/17,70.0499,71.1711,69.3674,70.6836,35419261.0,09988
2024/06/18,70.6836,71.561,70.0499,70.2936,34574126.0,09988
2024/06/19,71.0736,72.5847,70.4398,72.341,31831878.0,09988
2024/06/20,72.0973,72.5847,71.4635,71.561,24354943.0,09988
2024/06/21,70.6348,70.8298,69.7086,70.1961,57906313.0,09988
2024/06/24,69.2699,70.2936,69.2212,70.2449,32160122.0,09988
2024/06/25,70.4398,71.366,70.2936,70.8298,27467171.0,09988
2024/06/26,69.9036,71.6098,69.9036,71.0248,29066186.0,09988
2024/06/27,70.1961,70.7811,69.4649,69.7574,37688869.0,09988
2024/06/28,68.8312,69.8061,68.7337,68.7337,39388456.0,09988
2024/07/02,68.0512,70.1961,68.0512,68.6849,43280648.0,09988
2024/07/03,69.8549,70.9273,69.3187,70.3911,38913160.0,09988
2024/07/04,71.561,72.0973,71.1711,71.3173,30491758.0,09988
2024/07/05,71.2685,71.951,70.9273,71.0736,30464780.0,09988
2024/07/08,70.2449,70.8298,69.6599,70.0011,41071018.0,09988
2024/07/09,69.4649,71.1711,69.4649,70.6836,33931545.0,09988
2024/07/10,71.8535,72.731,71.2685,71.2685,35940892.0,09988
2024/07/11,72.146,74.0959,71.951,73.5597,48693395.0,09988
2024/07/12,74.4859,76.7282,74.4859,76.4358,65804366.0,09988
2024/07/15,75.2658,75.997,74.4371,74.7296,40320270.0,09988
2024/07/16,73.8034,74.0471,73.2184,73.6084,33288019.0,09988
2024/07/17,74.0471,75.0221,73.9009,74.3884,43176485.0,09988
2024/07/18,73.6572,74.1934,73.2184,73.9009,35852222.0,09988
2024/07/19,72.6822,73.0722,71.6098,71.951,42933703.0,09988
2024/07/22,71.951,73.3159,71.8535,72.8772,33903557.0,09988
2024/07/23,73.2672,73.3159,72.146,72.2435,29397901.0,09988
2024/07/24,72.1947,72.9747,72.1947,72.341,24392950.0,09988
2024/07/25,72.6335,72.6822,71.366,71.4635,28685062.0,09988
2024/07/26,71.756,72.0485,70.9761,71.2685,24685769.0,09988
2024/07/29,72.926,75.3633,72.8772,74.6321,74410239.0,09988
2024/07/30,74.7296,75.0221,73.7059,74.2909,42711031.0,09988
2024/07/31,74.3884,76.3383,74.1934,75.3633,63322191.0,09988
2024/08/01,75.2658,76.0458,74.8758,75.5583,38913402.0,09988
2024/08/02,74.0959,74.8271,72.9747,73.4622,36160705.0,09988
2024/08/05,72.2922,73.9009,70.9761,72.341,49548357.0,09988
2024/08/06,73.4622,74.2909,73.3159,73.3647,47939836.0,09988
2024/08/07,74.0959,75.5583,73.8522,74.5834,39385356.0,09988
2024/08/08,73.8522,76.2895,73.4622,74.6321,49320546.0,09988
2024/08/09,76.1433,76.972,75.8995,75.8995,37944538.0,09988
2024/08/12,75.8995,76.8745,75.2658,76.4845,36296039.0,09988
2024/08/13,76.6307,77.167,76.0458,76.6795,31992760.0,09988
2024/08/14,76.8745,77.362,76.0945,76.3383,35577408.0,09988
2024/08/15,75.7046,75.997,73.6084,74.4859,69314475.0,09988
2024/08/16,75.802,78.6294,75.6071,78.0932,86304798.0,09988
2024/08/19,79.2631,80.5793,79.1656,79.4093,58682838.0,09988
2024/08/20,79.6531,79.7018,77.9469,78.3857,42535840.0,09988
2024/08/21,76.4358,77.9469,76.3383,77.9469,51464907.0,09988
2024/08/22,79.0681,79.8968,77.9469,79.6043,40296293.0,09988
2024/08/23,79.6043,80.7743,79.0681,80.5793,43575656.0,09988
2024/08/26,81.3105,81.8467,79.8968,81.213,47740986.0,09988
2024/08/27,78.0444,78.3369,77.0207,77.9469,85310659.0,09988
2024/08/28,77.8982,78.0932,76.6307,77.1182,38782872.0,09988
2024/08/29,75.6071,77.1182,75.3633,77.0695,42829550.0,09988
2024/08/30,76.7282,79.9943,76.4358,79.4093,109667309.0,09988
2024/09/02,79.3119,79.4093,77.4107,77.5082,53674093.0,09988
2024/09/03,77.6544,78.5319,77.0207,78.0932,27709377.0,09988
2024/09/04,77.4107,78.3857,77.0207,78.0932,28553946.0,09988
2024/09/05,78.2882,78.8244,77.2157,77.8007,29214099.0,09988
2024/09/09,76.8257,77.4107,75.7046,76.3383,79250807.0,09988
2024/09/10,77.9957,80.3843,77.9957,79.5556,206633087.0,09988
2024/09/11,79.5068,80.3355,78.1419,79.4093,83945417.0,09988
2024/09/12,80.4818,81.798,80.2868,81.1155,83669607.0,09988
2024/09/13,81.408,82.5292,80.1893,80.6768,59196273.0,09988
2024/09/16,79.7993,80.238,79.3606,79.9456,26558684.0,09988
2024/09/17,79.3606,81.018,79.3119,80.7743,30485324.0,09988
2024/09/19,80.7743,84.3328,80.433,83.5529,109112014.0,09988
2024/09/20,83.8453,86.7702,83.2604,85.0153,122726621.0,09988
2024/09/23,84.7228,86.4777,84.3816,84.5766,69609537.0,09988
2024/09/24,86.9164,89.89,85.844,89.695,141958511.0,09988
2024/09/25,92.6199,92.6199,88.3301,89.0126,159777709.0,09988
2024/09/26,90.1825,96.7634,89.5,95.301,203287208.0,09988
2024/09/27,99.4445,102.2718,97.8846,99.932,198337444.0,09988
2024/09/30,104.9042,109.9739,103.6368,107.2441,250502801.0,09988
2024/10/02,107.634,115.7261,107.634,112.2163,179685038.0,09988
2024/10/03,110.1689,110.1689,103.8317,107.2441,138390517.0,09988
2024/10/04,107.2441,111.4363,106.0741,111.0463,90914228.0,09988
2024/10/07,111.3388,113.9712,110.1689,111.7288,105041570.0,09988
2024/10/08,108.5115,108.999,100.4194,101.8818,252168999.0,09988
2024/10/09,104.5142,105.0017,97.1534,100.3219,177757025.0,09988
2024/10/10,102.3693,105.0992,101.7844,103.1493,104808386.0,09988
2024/10/14,104.3192,104.4167,100.1269,102.5643,79240625.0,09988
2024/10/15,102.5643,102.5643,96.2759,97.3484,113107803.0,09988
2024/10/16,96.0322,98.372,95.3985,96.4709,67551937.0,09988
2024/10/17,97.4946,100.1269,95.2522,96.0322,65933840.0,09988
2024/10/18,95.2035,99.932,92.9123,97.9821,119104755.0,09988
2024/10/21,97.6896,98.2745,94.131,95.3497,63514538.0,09988
2024/10/22,95.1547,96.2272,93.6923,94.8135,48715559.0,09988
2024/10/23,93.9848,95.8859,93.6923,94.8622,61919784.0,09988
2024/10/24,92.6686,92.9123,91.1574,91.7912,76909887.0,09988
2024/10/25,92.6199,94.7647,92.2299,92.9611,53441957.0,09988
2024/10/28,93.3023,95.9347,92.6686,94.2285,69415882.0,09988
2024/10/29,94.911,96.7146,94.4235,95.106,57004880.0,09988
2024/10/30,93.7411,94.716,92.8149,93.4486,51472115.0,09988
2024/10/31,92.9611,94.3748,92.1811,92.1811,47207811.0,09988
2024/11/01,93.3511,93.5461,91.6937,92.6199,38347683.0,09988
2024/11/04,93.2048,94.0335,92.8149,93.6436,31007532.0,09988
2024/11/05,92.7174,96.1784,92.7174,95.9347,50986901.0,09988
2024/11/06,94.0823,94.326,91.4012,92.0349,88756404.0,09988
2024/11/07,91.4499,93.7411,90.9137,93.2536,57481876.0,09988
2024/11/08,95.5447,97.0071,91.6449,91.6449,74794561.0,09988
2024/11/11,89.0613,94.326,87.7939,91.7424,103787086.0,09988
2024/11/12,91.3037,92.6199,87.6964,88.2814,89444897.0,09988
2024/11/13,87.2089,88.6226,87.2089,88.2814,63573164.0,09988
2024/11/14,86.9164,88.1839,85.454,85.7465,67262128.0,09988
2024/11/15,85.7952,86.5265,84.8203,85.0153,49182995.0,09988
2024/11/18,84.6741,84.9665,83.1629,84.1378,70101208.0,09988
2024/11/19,84.7715,85.259,82.5779,83.1141,68824611.0,09988
2024/11/20,82.6754,83.1141,81.408,82.6267,70389532.0,09988
2024/11/21,82.2367,82.8217,81.5055,82.2854,45741828.0,09988
2024/11/22,81.5055,81.9442,78.1907,78.6781,110110185.0,09988
2024/11/25,78.6781,80.7255,77.8982,79.8968,163133423.0,09988
2024/11/26,79.7506,82.3342,79.7506,81.2617,78159824.0,09988
2024/11/27,81.1155,83.5529,80.433,82.8704,56559911.0,09988
2024/11/28,82.1879,82.2367,80.6768,81.3105,45005738.0,09988
2024/11/29,80.823,82.6754,80.7743,81.5542,36163262.0,09988
2024/12/02,82.1392,83.5041,81.6517,81.8955,55668722.0,09988
2024/12/03,81.603,82.6754,80.7743,82.3342,45041216.0,09988
2024/12/04,81.2617,82.1392,80.5305,81.8955,57896484.0,09988
2024/12/05,80.7255,81.0668,79.6043,79.8968,66632997.0,09988
2024/12/06,80.1406,82.5779,79.7018,81.8467,73451040.0,09988
2024/12/09,80.6768,85.064,80.5793,84.7228,90092033.0,09988
2024/12/10,88.9638,89.1101,84.3816,84.4303,97398890.0,09988
2024/12/11,85.1128,85.5028,83.9916,84.0403,51946094.0,09988
2024/12/12,83.7966,86.5265,83.7966,85.7952,64845532.0,09988
2024/12/13,84.3816,85.259,83.6016,83.6016,61023463.0,09988
2024/12/16,83.6016,83.7479,81.408,82.2367,47958063.0,09988
2024/12/17,81.798,81.993,80.4818,81.3105,52558686.0,09988
2024/12/18,82.7242,82.7242,81.5542,81.9442,35976303.0,09988
2024/12/19,80.628,81.3592,79.9943,80.8718,56263173.0,09988
2024/12/20,79.7506,80.1893,77.362,78.0932,132887681.0,09988
2024/12/23,78.6781,79.3119,77.8982,78.9706,57974855.0,09988
2024/12/24,80.238,81.8467,80.0918,81.0668,46601344.0,09988
2024/12/27,80.9205,81.2617,79.3119,80.2868,44013080.0,09988
2024/12/30,80.2868,80.8718,79.5068,79.9456,39010940.0,09988
2024/12/31,79.9456,81.408,79.7506,80.3355,31449160.0,09988
2025/01/02,80.3355,80.628,78.7756,79.2631,48562393.0,09988
2025/01/03,81.018,81.6517,79.9456,80.5305,57859265.0,09988
2025/01/06,81.0668,81.2617,79.8481,80.0918,36259231.0,09988
2025/01/07,80.0918,80.3843,78.4831,79.3606,57807719.0,09988
2025/01/08,79.5556,80.1893,78.3857,78.8731,51033856.0,09988
2025/01/09,78.8731,79.5556,78.4344,78.5806,38857402.0,09988
2025/01/10,78.8731,79.1656,77.5082,77.6057,49178401.0,09988
2025/01/13,76.5333,76.582,75.4121,76.1433,47082642.0,09988
2025/01/14,76.777,78.3369,76.387,77.9469,62238203.0,09988
2025/01/15,77.1182,78.1419,77.1182,77.9469,34729525.0,09988
2025/01/16,78.0932,79.4093,77.2645,78.4344,40303852.0,09988
2025/01/17,77.9957,78.7269,77.6057,78.7269,40613226.0,09988
2025/01/20,80.628,83.9428,80.3355,82.4317,92760400.0,09988
2025/01/21,83.6504,83.7966,81.798,82.6754,45376591.0,09988
2025/01/22,81.213,81.798,79.6043,80.1406,50020729.0,09988
2025/01/23,81.7492,82.1392,80.4818,80.823,35695244.0,09988
2025/01/24,81.6517,82.8704,80.9205,82.6267,56000920.0,09988
2025/01/27,84.4303,85.7465,83.9428,85.064,77324541.0,09988
2025/01/28,86.2827,86.2827,85.454,86.0877,28186080.0,09988
2025/02/03,90.2312,91.7424,88.1351,91.6449,137951734.0,09988
2025/02/04,94.3748,95.496,92.3761,95.2035,119029715.0,09988
2025/02/05,96.5196,97.1534,92.9123,95.106,130268715.0,09988
2025/02/06,94.521,96.4222,94.0823,96.0809,82663790.0,09988
2025/02/07,95.5447,98.372,95.2522,97.4946,111035834.0,09988
2025/02/10,100.4194,103.8317,100.4194,102.8568,154940987.0,09988
2025/02/11,105.1967,105.8791,101.9793,102.2718,133001073.0,09988
2025/02/12,106.4641,111.0463,106.3666,110.9488,215324934.0,09988
2025/02/13,112.3138,121.1858,112.3138,113.7762,336901993.0,09988
2025/02/14,113.9712,121.1858,113.8737,120.9908,267121701.0,09988
2025/02/17,121.7707,126.2555,115.8236,119.1384,293596265.0,09988
2025/02/18,118.9434,125.378,118.9434,123.1357,197776235.0,09988
2025/02/19,120.6008,122.2582,119.2359,120.9908,148288754.0,09988
2025/02/20,119.3334,120.5033,115.4336,117.871,178330455.0,09988
2025/02/21,129.6678,136.1025,127.7179,135.03,329402607.0,09988
2025/02/24,135.42,137.3699,130.9352,132.3002,222538792.0,09988
2025/02/25,121.9657,129.9603,121.8682,127.3279,234415866.0,09988
2025/02/26,128.9853,135.615,128.6929,133.4701,197155020.0,09988
2025/02/27,134.0551,136.1999,129.8628,132.3002,180178311.0,09988
2025/02/28,130.2528,130.4478,123.9156,124.3056,209019085.0,09988
2025/03/03,126.548,131.1302,125.378,127.1329,164140645.0,09988
2025/03/04,123.4282,126.0605,121.3808,124.5981,133778504.0,09988
2025/03/05,125.1831,128.2054,123.4282,126.6455,132295744.0,09988
2025/03/06,134.5425,137.9548,133.8601,137.2724,198863431.0,09988
2025/03/07,134.3475,142.2446,133.7626,136.4924,250700100.0,09988
2025/03/10,133.7626,135.225,130.2528,131.1302,179071477.0,09988
2025/03/11,124.5981,131.4227,124.5006,130.2528,157697693.0,09988
2025/03/12,134.5425,134.5425,128.5954,131.4227,124456918.0,09988
2025/03/13,130.4478,130.5453,125.8655,128.2054,101846984.0,09988
2025/03/14,131.1302,134.1526,129.4728,132.3977,108673140.0,09988
2025/03/17,134.1526,135.5175,131.7152,132.1052,72542321.0,09988
2025/03/18,139.7098,139.9047,137.0774,139.8072,145909264.0,09988
2025/03/19,136.7849,138.7348,136.1025,137.5649,83578664.0,09988
2025/03/20,136.4924,136.4924,131.7152,132.1052,113971960.0,09988
2025/03/21,130.2528,131.9102,127.1329,127.4254,143069660.0,09988
2025/03/24,128.6929,130.7402,127.1329,129.4728,90778453.0,09988
2025/03/25,127.4254,128.7904,124.4031,124.5006,104041459.0,09988
2025/03/26,125.378,127.4254,124.7931,126.2555,57480050.0,09988
2025/03/27,126.158,129.6678,125.0856,126.8405,63397449.0,09988
2025/03/28,128.6929,130.1553,125.768,127.7179,66594496.0,09988
2025/03/31,125.573,126.743,122.9407,124.7931,78698386.0,09988
2025/04/01,125.8655,128.2054,125.6705,126.548,59194990.0,09988
2025/04/02,125.768,128.6929,125.1831,126.743,61236236.0,09988
2025/04/03,119.4309,123.2332,118.4559,120.4058,165415092.0,09988
2025/04/07,105.2942,109.3889,97.4946,98.762,392361045.0,09988
2025/04/08,103.0518,103.6368,95.106,99.932,291748687.0,09988
2025/04/09,94.9597,103.0518,93.3023,101.0044,251724654.0,09988
2025/04/10,105.2942,107.634,101.7844,102.1743,239469665.0,09988
2025/04/11,100.4194,103.9292,98.957,100.4194,178687575.0,09988
2025/04/14,104.7092,107.1466,103.0518,105.4891,166612582.0,09988
2025/04/15,108.999,108.999,105.8791,107.1466,103926447.0,09988
2025/04/16,104.3192,104.8067,101.3944,102.7593,116440525.0,09988
2025/04/17,102.4668,106.5616,101.8818,105.9766,113941562.0,09988
2025/04/22,105.6841,108.7065,104.5142,107.2441,118989644.0,09988
2025/04/23,113.4837,113.9712,111.0463,113.0937,142919552.0,09988
2025/04/24,112.8012,113.3862,109.6814,110.9488,91662927.0,09988
2025/04/25,113.2887,114.9461,112.0213,112.7037,82127311.0,09988
2025/04/28,114.8486,114.8486,111.5338,112.3138,67368966.0,09988
2025/04/29,112.8012,114.4587,111.3388,112.1188,63943734.0,09988
2025/04/30,113.4837,114.6536,111.7288,114.5561,68302501.0,09988
2025/05/02,116.2136,120.0158,115.1411,118.9434,72747697.0,09988
2025/05/06,119.4309,121.5758,117.7735,120.6983,89828348.0,09988
2025/05/07,123.7206,124.5981,118.2609,118.2609,105915833.0,09988
2025/05/08,117.7735,120.6008,117.286,118.4559,70065236.0,09988
2025/05/09,119.8209,121.2833,118.7484,120.5033,64212711.0,09988
2025/05/12,122.9407,128.5954,121.7707,127.9129,163626351.0,09988
2025/05/13,127.7179,127.7179,122.4532,122.9407,110675822.0,09988
2025/05/14,124.5981,127.5229,123.6231,127.1329,88967136.0,09988
2025/05/15,128.1079,128.4004,124.6956,125.6705,83762982.0,09988
2025/05/16,117.9685,121.0883,117.286,120.3083,146404177.0,09988
2025/05/19,116.896,117.7735,114.5561,116.2136,124103481.0,09988
2025/05/20,116.9935,119.5284,116.2136,118.6509,63599789.0,09988
2025/05/21,120.0158,120.6008,119.0409,120.0158,48764348.0,09988
2025/05/22,118.5534,118.7484,115.6286,116.1161,77869662.0,09988
2025/05/23,116.0186,117.091,114.7511,115.8236,66708012.0,09988
2025/05/26,115.5311,116.6035,113.8737,113.9712,61541743.0,09988
2025/05/27,113.0937,115.2386,112.2163,115.0436,52883817.0,09988
2025/05/28,115.2386,115.5311,112.3138,112.8012,68081387.0,09988
2025/05/29,112.4113,115.8236,112.4113,115.1411,74783592.0,09988
2025/05/30,112.2163,112.5088,109.9739,111.0463,204654182.0,09988
2025/06/02,109.1939,110.7539,107.0491,110.3639,73453819.0,09988
2025/06/03,110.3639,111.5338,110.0714,111.0463,59256715.0,09988
2025/06/04,110.3639,112.7037,109.7789,111.7288,73216251.0,09988
2025/06/05,114.9461,115.5311,114.2637,115.3361,77117941.0,09988
2025/06/06,115.3361,115.3361,112.8012,113.6787,75163798.0,09988
2025/06/09,115.0436,117.286,114.6536,116.311,84322573.0,09988
2025/06/10,117.3835,117.481,114.6536,115.8236,54323007.0,09988
2025/06/11,117.5593,117.9558,116.8654,117.361,50080516.0,09988
2025/06/12,114.6847,115.2795,113.297,113.5944,82878015.0,09988
2025/06/13,111.8102,113.0988,109.6295,111.0172,122464076.0,09988
2025/06/16,110.1251,112.8014,109.3321,111.9093,73900525.0,09988
2025/06/17,113.297,114.4865,112.9005,113.7926,59968684.0,09988
2025/06/18,113.0988,113.0988,110.4225,111.2155,55865417.0,09988
2025/06/19,110.6207,110.9181,108.6383,109.0348,55573686.0,09988
2025/06/20,110.026,110.7198,109.0348,110.7198,106839365.0,09988
2025/06/23,109.0348,110.1251,107.647,109.8277,68537835.0,09988
2025/06/24,111.1163,112.6032,110.6207,111.7111,66616313.0,09988
2025/06/25,113.9909,115.1804,112.6032,114.4865,79338255.0,09988
2025/06/26,112.0084,112.3058,111.1163,111.2155,86859946.0,09988
2025/06/27,111.6119,112.504,110.4225,111.1163,75942306.0,09988
2025/06/30,110.5216,111.0172,108.8365,108.8365,90192013.0,09988
2025/07/02,110.7198,111.0172,107.7462,108.44,88248907.0,09988
2025/07/03,107.8453,108.6383,104.2769,105.2681,155395466.0,09988
2025/07/04,104.2769,105.4663,102.1953,104.1778,106812953.0,09988
2025/07/07,103.0874,104.6734,101.4023,104.4751,81216305.0,09988
2025/07/08,103.7813,106.6558,103.2857,106.0611,81928731.0,09988
2025/07/09,105.169,105.3672,101.7988,101.9971,134137844.0,09988
2025/07/10,101.105,102.8892,100.9067,102.2944,98855593.0,09988
2025/07/11,102.3935,105.962,102.3935,104.1778,115975182.0,09988
2025/07/14,103.4839,105.7637,103.4839,105.169,65552727.0,09988
2025/07/15,105.5655,112.7023,105.5655,112.504,195489816.0,09988
2025/07/16,114.6847,116.6672,112.504,112.8014,144295161.0,09988
2025/07/17,112.4049,113.9909,111.1163,111.5128,74908706.0,09988
2025/07/18,114.2882,115.2795,113.3961,114.7839,83105716.0,09988
2025/07/21,117.7575,117.7575,115.9733,116.8654,95474095.0,09988
2025/07/22,116.6672,117.1628,114.9821,116.9646,63352702.0,09988
2025/07/23,117.9558,120.9295,116.6672,119.8391,119661760.0,09988
2025/07/24,119.8391,120.7312,118.8479,119.2444,77592812.0,09988
2025/07/25,118.0549,118.2532,116.4689,116.9646,63455940.0,09988
2025/07/28,118.4514,120.6321,117.8567,119.5417,69215231.0,09988
2025/07/29,118.154,119.9382,117.0637,119.6409,59019387.0,09988
2025/07/30,116.6672,118.5505,116.0725,116.0725,88754280.0,09988
2025/07/31,114.9821,116.9646,113.297,114.6847,97698587.0,09988
2025/08/01,116.7663,118.2532,115.676,115.8742,75031091.0,09988
2025/08/04,114.4865,115.676,113.6935,115.1804,50516068.0,09988
2025/08/05,115.0812,115.2795,113.5944,114.9821,52371110.0,09988
2025/08/06,114.5856,118.154,114.09,115.676,73715023.0,09988
2025/08/07,118.0549,118.7488,116.8654,118.154,66845112.0,09988
2025/08/08,117.5593,117.5593,115.0812,115.2795,60373207.0,09988
2025/08/11,116.9646,117.9558,115.8742,117.4602,43065055.0,09988
2025/08/12,115.7751,116.4689,115.0812,115.5768,55676119.0,09988
2025/08/13,118.947,122.7137,118.154,122.6145,150500459.0,09988
2025/08/14,123.7049,124.1014,119.9382,120.7312,83916791.0,09988
2025/08/15,118.2532,118.7488,116.7663,117.0637,110541625.0,09988
2025/08/18,117.2619,119.74,117.2619,117.5593,76093381.0,09988
2025/08/19,117.361,118.6496,116.8654,117.2619,55732895.0,09988
2025/08/20,116.1716,116.9646,115.0812,116.4689,62830049.0,09988
2025/08/21,116.2707,116.5681,113.9909,114.6847,66716053.0,09988
2025/08/22,114.4865,117.2619,114.2882,116.9646,73604857.0,09988
2025/08/25,119.3435,124.8944,119.3435,123.4075,162992103.0,09988
2025/08/26,120.9295,122.8128,120.0374,120.2356,90253630.0,09988
2025/08/27,120.2356,123.2093,119.9382,120.4338,114213258.0,09988
2025/08/28,118.0549,118.2532,114.5856,114.7839,171962832.0,09988
2025/08/29,115.7751,117.9558,114.6847,114.6847,110429482.0,09988
2025/09/01,131.8329,136.7891,131.8329,135.897,404948185.0,09988
2025/09/02,138.6724,138.6724,133.518,133.518,166594096.0,09988
2025/09/03,135.3022,136.5908,131.8329,132.9233,104631522.0,09988
2025/09/04,133.1215,133.6171,127.3724,128.661,148595855.0,09988
2025/09/05,127.3724,131.8329,126.9759,130.6435,127450276.0,09988
2025/09/08,132.0312,136.7891,131.9321,136.0952,147299900.0,09988
2025/09/09,137.3838,141.5469,136.7891,140.6548,181120225.0,09988
2025/09/10,143.4303,146.6022,141.3487,141.5469,181722198.0,09988
2025/09/11,139.6636,145.2145,137.8794,142.0426,174456621.0,09988
2025/09/12,150.3688,152.4504,148.7829,149.7741,170663495.0,09988
2025/09/15,149.0802,155.4241,148.7829,153.2434,146193613.0,09988
2025/09/16,152.6487,155.4241,151.1618,152.153,111088746.0,09988
2025/09/17,156.3162,160.8758,155.325,160.182,156646724.0,09988
2025/09/18,160.6776,163.3539,154.9285,157.0101,209809246.0,09988
2025/09/19,157.5057,161.3714,155.2258,157.7039,138827373.0,09988
2025/09/22,156.2171,160.0828,155.9197,157.803,103208970.0,09988
2025/09/23,158.596,161.6688,155.325,158.0013,119175251.0,09988
2025/09/24,157.1092,173.3653,156.2171,172.4732,261023658.0,09988
2025/09/25,172.4732,176.2398,169.5986,170.4907,172333447.0,09988
2025/09/26,166.9223,170.3916,163.5521,165.039,152987253.0,09988
2025/09/29,165.4355,172.7705,165.4355,171.8784,134259119.0,09988
2025/09/30,175.0503,176.4381,172.1758,175.4468,135460219.0,09988
2025/10/02,178.1231,183.3766,177.5284,181.4933,96036992.0,09988
2025/10/03,183.3766,184.5661,181.6916,183.4758,56780997.0,09988
2025/10/06,180.2047,182.1872,178.2223,178.9161,49211980.0,09988
2025/10/08,176.5372,176.7354,171.9775,176.0416,75252197.0,09988
2025/10/09,177.4293,177.4293,169.9951,171.7793,158029622.0,09988
2025/10/10,167.6162,168.8056,163.3539,163.9486,186753966.0,09988
2025/10/13,157.6048,162.1644,154.7302,161.1732,282816644.0,09988
2025/10/14,163.3539,164.6425,152.6487,154.2346,201534774.0,09988
2025/10/15,157.3074,161.2723,154.7302,160.182,111159729.0,09988
2025/10/16,161.1732,162.7592,157.2083,159.7855,73190193.0,09988
2025/10/17,159.5872,159.5872,151.6574,153.0451,133552318.0,09988
2025/10/20,160.6776,161.4706,158.596,160.4793,98042110.0,09988
2025/10/21,166.0302,167.517,163.3539,163.6513,110624314.0,09988
2025/10/22,161.2723,162.1644,158.596,160.4793,67640668.0,09988
2025/10/23,160.4793,164.0477,157.7039,163.1556,86447894.0,09988
2025/10/24,166.5258,167.8144,165.1381,166.8232,84064278.0,09988
2025/10/27,173.2661,173.4644,170.5898,172.0767,96795907.0,09988
2025/10/28,172.4732,172.6714,168.0126,169.4995,78492657.0,09988
2025/10/30,171.8784,173.2661,167.517,170.5898,112254088.0,09988
2025/10/31,168.31,169.103,163.6513,163.6513,97457096.0,09988
2025/11/03,163.453,164.8407,160.0828,161.7679,74773287.0,09988
2025/11/04,162.5609,162.5609,156.7127,157.6048,89529769.0,09988
2025/11/05,155.2258,157.9022,152.8469,157.1092,94071358.0,09988
2025/11/06,159.389,163.8495,158.4969,163.5521,83528391.0,09988
2025/11/07,161.7679,161.7679,157.5057,158.6951,66709927.0,09988
2025/11/10,161.3714,162.7592,158.9925,161.9662,57596575.0,09988
2025/11/11,160.0828,160.975,157.2083,158.9925,73054852.0,09988
2025/11/12,155.7215,157.0101,153.8381,155.4241,96741580.0,09988
2025/11/13,152.5495,164.5434,151.9548,160.5785,155447392.0,09988
2025/11/14,155.1267,157.0101,153.1443,153.5408,101354219.0,09988
2025/11/17,150.9636,156.6136,150.7653,153.5408,113907864.0,09988
2025/11/18,151.8557,157.0101,151.8557,153.2434,102880519.0,09988
2025/11/19,154.4329,156.5144,153.739,155.0276,71141046.0,09988
2025/11/20,156.9109,158.3978,152.6487,153.4416,65486765.0,09988
2025/11/21,148.6838,149.2785,145.611,146.3048,141043093.0,09988
2025/11/24,146.5031,154.9285,146.5031,153.1443,199790253.0,09988
2025/11/25,157.6048,159.0916,152.0539,156.4153,147102629.0,09988
2025/11/26,152.6487,156.6136,152.0539,153.4416,110863259.0,09988
2025/11/27,152.6487,153.5408,148.7829,149.2785,103303822.0,09988
2025/11/28,150.468,151.8557,149.675,150.1706,66572166.0,09988
2025/12/01,151.6574,155.5232,150.6662,153.5408,93259220.0,09988
2025/12/02,158.6951,158.6951,154.9285,155.6223,74133971.0,09988
2025/12/03,154.4329,155.2258,151.7566,152.2522,54076752.0,09988
2025/12/04,151.7566,153.739,151.1618,153.0451,57110210.0,09988
2025/12/05,151.8557,153.739,151.2609,153.6399,78815068.0,09988
2025/12/08,153.6399,154.1355,151.4592,152.0539,75226835.0,09988
2025/12/09,153.739,155.4241,149.0802,149.5759,69789164.0,09988
2025/12/10,149.1794,152.0539,148.2873,151.8557,61369895.0,09988
2025/12/11,153.6399,154.1355,149.1794,149.2785,59433982.0,09988
2025/12/12,151.3601,152.7478,149.4767,152.7478,88532981.0,09988
2025/12/15,149.4767,150.3688,147.1969,147.296,94298860.0,09988
2025/12/16,145.611,145.7101,140.3575,142.9347,118119058.0,09988
2025/12/17,142.9347,146.0075,141.8443,144.7189,60486179.0,09988
2025/12/18,141.8443,143.6285,141.6461,142.8355,47014025.0,09988
2025/12/19,143.7276,145.4127,142.9347,144.025,70392591.0,09988
2025/12/22,144.7189,147.1969,143.7276,145.1153,58877432.0,09988
2025/12/23,145.4127,146.7013,145.1153,145.9083,47601549.0,09988
2025/12/24,145.7101,146.8004,143.8268,144.7189,28967695.0,09988
2025/12/29,145.8092,147.1969,142.0426,142.0426,62656820.0,09988
2025/12/30,142.0426,144.4215,141.9434,143.232,60201594.0,09988
2025/12/31,142.439,142.5382,141.1504,141.5469,35628222.0,09988
2026/01/02,141.9434,148.3864,141.6461,147.6925,48902470.0,09988
2026/01/05,149.7741,152.4504,148.6838,151.4592,102834720.0,09988
2026/01/06,149.5759,151.8557,149.1794,149.4767,112004139.0,09988
2026/01/07,145.8092,146.5031,142.2408,144.6197,149677478.0,09988
2026/01/08,142.3399,143.6285,139.7627,141.3487,107421412.0,09988
2026/01/09,146.7013,148.1881,144.6197,145.2145,115234256.0,09988
2026/01/12,145.611,153.2434,144.7189,152.946,164580300.0,09988
2026/01/13,160.5785,162.5609,156.0188,158.4969,153153842.0,09988
2026/01/14,162.3627,168.31,160.6776,167.517,244622843.0,09988
2026/01/15,167.4179,168.6074,161.6688,163.1556,133061563.0,09988
2026/01/16,166.4267,167.2197,163.5521,164.7416,79370877.0,09988
2026/01/19,160.5785,161.0741,158.6951,158.9925,72500898.0,09988
2026/01/20,158.3978,160.7767,157.2083,158.2986,55456218.0,09988
2026/01/21,156.9109,163.453,156.9109,161.7679,67441221.0,09988
2026/01/22,164.5434,165.039,161.3714,163.3539,59810988.0,09988
2026/01/23,169.6977,170.4907,166.8232,167.0214,93252549.0,09988
2026/01/26,168.0126,168.7065,163.0565,163.7504,67819829.0,09988
2026/01/27,165.3363,168.4091,163.453,168.4091,73661350.0,09988
2026/01/28,169.0039,172.2749,167.1205,171.9775,102209414.0,09988
2026/01/29,169.5986,172.6714,168.8056,171.7793,67539478.0,09988
2026/01/30,168.5083,169.2021,165.5346,167.7153,75134065.0,09988
2026/02/02,163.2548,166.4267,159.5872,161.8671,100747598.0,09988
2026/02/03,163.9486,164.5434,153.8381,159.5872,111086312.0,09988
2026/02/04,158.0013,160.8758,155.7215,158.1004,71689072.0,09988
2026/02/05,154.1355,158.9925,152.6487,158.1995,89720504.0,09988
2026/02/06,152.153,155.4241,151.8557,153.6399,78125091.0,09988
2026/02/09,158.1004,158.7943,156.2171,156.5144,58582947.0,09988
2026/02/10,158.2986,161.1732,157.3074,159.0916,58402811.0,09988
2026/02/11,159.8846,161.2723,158.1995,158.6951,51639528.0,09988
2026/02/12,156.5144,158.1004,154.7302,157.2083,56768511.0,09988
2026/02/13,152.6487,155.0276,152.5495,154.0364,69945660.0,09988
2026/02/16,151.2609,153.5408,149.1794,153.3425,29215118.0,09988
2026/02/20,148.6838,150.3688,145.8092,145.8092,70273864.0,09988
2026/02/23,148.7829,151.9548,148.1881,150.8645,44852186.0,09988
2026/02/24,148.5846,149.0802,145.7101,146.7013,82838070.0,09988
2026/02/25,148.4855,148.882,146.8004,146.9987,47742854.0,09988
2026/02/26,146.9987,147.4943,141.7452,141.7452,98872855.0,09988
2026/02/27,141.7452,144.2232,140.9522,141.6461,88719769.0,09988
2026/03/02,138.375,139.2671,134.4101,135.2031,134838521.0,09988
2026/03/03,137.7803,137.9785,133.4189,133.6171,88507248.0,09988
2026/03/04,130.0487,131.8329,126.5794,128.7601,163124992.0,09988
2026/03/05,129.3549,130.247,124.0023,125.1917,141677427.0,09988
2026/03/06,125.7865,130.8417,125.39,129.5531,100859931.0,09988
2026/03/09,124.1014,128.2645,124.0023,127.5707,102893047.0,09988
2026/03/10,129.8505,133.0224,128.8593,132.3285,98445281.0,09988
2026/03/11,134.311,134.9057,131.2382,132.0312,61695884.0,09988
2026/03/12,129.454,132.3285,128.4628,130.4452,57889342.0,09988
2026/03/13,130.1479,133.4189,129.2557,131.3373,51862084.0,09988
2026/03/16,131.7338,133.9145,129.6522,132.8242,50025123.0,09988
2026/03/17,134.0136,137.2847,133.4189,133.4189,76247583.0,09988
2026/03/18,133.2206,138.9698,131.9321,136.4917,108384226.0,09988
2026/03/19,131.5356,133.0224,130.0487,130.8417,112049539.0,09988
2026/03/20,122.4163,125.6873,121.3259,122.6145,206068855.0,09988
2026/03/23,119.74,120.533,116.6672,118.6496,136352855.0,09988
2026/03/24,120.9295,122.9119,118.7488,122.1189,86973171.0,09988
2026/03/25,124.1014,130.247,122.3172,127.7689,148277825.0,09988
2026/03/26,126.8768,126.8768,121.5242,121.9207,87500096.0,09988
2026/03/27,121.9207,123.011,120.3347,121.5242,53442572.0,09988
2026/03/30,117.1628,120.3347,116.8654,119.4426,80519074.0,09988
2026/03/31,119.74,121.0286,116.7663,117.9558,72026359.0,09988
2026/04/01,122.2181,122.9119,120.4338,121.6233,67832865.0,09988
2026/04/02,119.9382,119.9382,116.4689,117.4602,95121535.0,09988
2026/04/08,120.8303,126.7777,120.2356,125.39,181819816.0,09988
2026/04/09,122.0198,122.9119,120.9295,121.8216,82451818.0,09988
2026/04/10,124.0023,126.3812,123.9031,124.3987,78382509.0,09988
2026/04/13,123.4075,123.4075,121.4251,122.1189,51100996.0,09988
2026/04/14,124.3987,125.6873,122.1189,123.4075,52390198.0,09988
2026/04/15,128.3636,129.8505,127.2733,127.4715,95222677.0,09988
2026/04/16,130.5443,134.9057,130.0487,134.6084,127392595.0,09988
2026/04/17,133.8154,135.9961,133.4189,135.2031,83379143.0,09988
2026/04/20,134.5092,137.1855,133.518,135.7978,71204282.0,09988
2026/04/21,136.9873,136.9873,133.7163,135.104,44920044.0,09988
2026/04/22,132.1303,132.2294,129.454,130.3461,69494718.0,09988
2026/04/23,131.4364,131.5356,128.3636,129.2557,54768842.0,09988
2026/04/24,126.9759,131.6347,125.5882,130.6435,63648525.0,09988
2026/04/27,130.6435,132.725,128.9584,129.0575,51858735.0,09988
2026/04/28,127.6698,129.454,124.8944,125.39,72924924.0,09988
2026/04/29,127.6698,129.454,127.0751,129.454,59643280.0,09988
2026/04/30,127.0751,127.3724,124.8944,124.8944,88190461.0,09988
2026/05/04,127.6698,133.0224,127.5707,130.5443,67792478.0,09988
2026/05/05,130.0487,131.5356,128.7601,130.0487,25517465.0,09988
2026/05/06,131.2382,136.0952,129.7514,133.0224,115976497.0,09988
2026/05/07,138.2759,139.6636,137.2847,139.6636,116084635.0,09988
2026/05/08,137.6812,138.5733,136.9873,137.7803,59348966.0,09988
2026/05/11,135.5996,136.3926,132.1303,132.725,98275069.0,09988
2026/05/12,132.3285,134.8066,131.9321,132.1303,57483637.0,09988
2026/05/13,130.8417,133.0224,129.1566,131.6347,89332520.0,09988
2026/05/14,141.8443,142.7364,136.1943,136.6899,171292701.0,09988
2026/05/15,136.7891,136.7891,129.9496,131.1391,90144879.0,09988
2026/05/18,129.2557,133.7163,127.4715,130.5443,94625028.0,09988
2026/05/19,129.3549,134.1128,129.3549,132.1303,75905647.0,09988
2026/05/20,131.7338,134.311,129.8505,130.7426,64904996.0,09988
2026/05/21,131.4364,131.4364,124.3987,124.8944,124833824.0,09988
2026/05/22,127.0751,127.4715,124.8944,125.8856,67105437.0,09988
2026/05/26,126.0838,128.1654,123.2093,126.4803,81943801.0,09988
2026/05/27,126.5794,126.7777,122.5154,123.2093,73913384.0,09988
2026/05/28,122.6145,122.8128,118.947,120.7312,113734767.0,09988
2026/05/29,122.1189,123.2093,119.5417,119.8391,106781469.0,09988
2026/06/01,120.2356,123.1102,120.1365,121.7224,64910941.0,09988
2026/06/02,123.011,130.0487,122.3172,129.7514,126607691.0,09988
2026/06/03,128.8593,129.1566,125.39,125.4891,90810223.0,09988
2026/06/04,124.1014,124.4979,121.7224,122.4163,60737375.0,09988
2026/06/05,122.4163,124.0023,120.533,121.3259,75982909.0,09988
2026/06/08,117.2619,119.1453,116.7663,117.7575,84021112.0,09988
2026/06/09,116.5681,118.154,116.0725,116.0725,66707175.0,09988
2026/06/10,116.1,116.6,111.1,113.5,115892674.0,09988
2026/06/11,112.3,112.9,106.1,107.4,160350719.0,09988
2026/06/12,109.0,111.2,108.8,110.2,74743889.0,09988
2026/06/15,113.1,113.2,108.0,109.3,83179704.0,09988
2026/06/16,110.0,110.2,106.3,107.0,69138026.0,09988
2026/06/17,108.3,108.4,105.8,106.9,71467113.0,09988
2026/06/18,105.4,106.0,102.4,104.9,160333163.0,09988
2026/06/22,102.8,103.8,100.8,102.9,99214294.0,09988
2026/06/23,103.4,103.4,98.7,98.95,98049349.0,09988
2026/06/24,99.15,101.5,97.65,99.4,103216499.0,09988
2026/06/25,97.3,98.25,94.0,95.0,141402714.0,09988
2026/06/26,92.0,92.5,88.65,89.5,176208269.0,09988
2026/06/29,91.7,95.45,91.15,93.0,123324036.0,09988
2026/06/30,93.0,93.95,91.3,92.85,89897596.0,09988
2026/07/02,95.3,97.4,93.55,94.5,106165597.0,09988
2026/07/03,94.15,96.0,93.5,94.1,67295654.0,09988
2026/07/06,94.25,97.4,92.5,95.95,81423639.0,09988
2026/07/07,96.15,100.5,95.3,95.8,100211364.0,09988
2026/07/08,96.95,109.0,96.55,107.5,282125685.0,09988
2026/07/09,110.1,112.9,107.5,108.0,190535828.0,09988
2026/07/10,110.0,113.0,109.0,110.2,103843838.0,09988
2026/07/13,110.8,115.1,110.3,110.7,100489536.0,09988
2026/07/14,110.3,112.6,107.0,110.8,100890456.0,09988
2026/07/15,111.6,114.8,109.1,113.4,112769038.0,09988
2026/07/16,116.2,119.8,116.0,116.9,153608858.0,09988
2026/07/17,116.3,118.0,110.7,112.6,125635830.0,09988
2026/07/20,116.0,118.9,115.3,116.8,125351835.0,09988
2026/07/21,119.9,121.0,115.5,117.0,98262426.0,09988
2026/07/22,115.9,116.3,112.7,113.6,120611396.0,09988
2026/07/23,114.1,115.1,110.5,114.9,52344763.0,09988
2026/07/24,111.5,112.2,108.2,110.0,107488512.0,09988
2026/07/27,111.4,111.6,108.8,111.0,58415973.0,09988
2026/07/28,113.0,114.2,111.0,112.0,75913853.0,09988
2026/07/29,113.9,115.5,111.7,113.6,93154775.0,09988
2026/07/30,114.0,114.8,110.3,111.8,74326961.0,09988
2026/07/31,114.1,119.3,113.3,117.0,144668807.0,09988
2026/08/03,121.0,126.0,120.1,125.2,192268809.0,09988
2026/08/04,126.8,129.2,124.7,125.8,125358922.0,09988
2026/08/05,128.4,129.0,125.6,128.1,93382622.0,09988
2026/08/06,126.5,126.5,123.7,124.4,67212277.0,09988
2026/08/07,125.3,125.8,121.6,123.8,58259425.0,09988
2026/08/10,125.4,127.5,124.2,126.7,53629555.0,09988
2026/08/11,129.4,130.3,125.9,126.4,74286963.0,09988
2026/08/12,124.4,124.9,121.3,122.6,65057854.0,09988
2026/08/13,121.2,124.1,121.1,121.9,58154432.0,09988
2026/08/14,120.3,120.8,118.5,119.9,56905091.0,09988
2026/08/17,122.0,123.4,120.8,122.2,48563292.0,09988
2026/08/18,122.0,128.3,121.0,126.7,120433806.0,09988
2026/08/19,124.6,126.5,123.2,124.2,70727616.0,09988
2026/08/20,126.6,129.0,124.3,126.2,92028319.0,09988
2026/08/21,129.2,129.8,121.5,123.0,146890540.0,09988
2026/08/24,113.1,113.5,110.1,112.5,362953456.0,09988
2026/08/25,114.8,115.0,112.2,114.2,124296637.0,09988
2026/08/26,115.7,117.8,115.6,116.6,133860910.0,09988
2026/08/27,117.4,117.4,115.1,115.5,83206714.0,09988
2026/08/28,113.1,114.8,112.5,113.9,73086522.0,09988
2026/08/31,115.0,115.0,112.2,114.2,82619229.0,09988
2024/06/03,17.56,18.14,17.56,17.9,106453297.0,01810
2024/06/04,17.68,17.92,17.68,17.78,75212318.0,01810
2024/06/05,17.84,18.08,17.62,17.7,73525775.0,01810
2024/06/06,17.82,18.4,17.82,17.96,120451138.0,01810
2024/06/07,18.06,18.2,17.22,17.62,201105124.0,01810
2024/06/11,17.18,17.34,17.02,17.32,150166213.0,01810
2024/06/12,17.22,17.34,17.04,17.14,84361187.0,01810
2024/06/13,17.28,17.62,17.22,17.56,82025721.0,01810
2024/06/14,17.36,17.52,17.22,17.3,86630442.0,01810
2024/06/17,17.2,17.64,17.06,17.32,62407200.0,01810
2024/06/18,17.38,17.56,17.26,17.38,46659965.0,01810
2024/06/19,17.48,18.5,17.44,18.48,158776789.0,01810
2024/06/20,18.5,18.72,18.3,18.52,90185310.0,01810
2024/06/21,18.28,18.4,17.84,18.18,87851069.0,01810
2024/06/24,17.96,18.08,17.56,18.02,69977040.0,01810
2024/06/25,18.08,18.14,17.62,17.78,58116612.0,01810
2024/06/26,17.58,17.94,17.54,17.82,44582518.0,01810
2024/06/27,17.54,17.68,16.34,16.54,245670671.0,01810
2024/06/28,16.38,16.78,16.36,16.48,94102995.0,01810
2024/07/02,16.5,16.74,16.36,16.66,62421619.0,01810
2024/07/03,16.66,17.08,16.66,16.9,68480845.0,01810
2024/07/04,17.16,17.22,16.76,16.84,47136649.0,01810
2024/07/05,16.92,16.98,16.48,16.62,50780567.0,01810
2024/07/08,16.62,16.76,16.36,16.46,54387650.0,01810
2024/07/09,16.4,16.58,16.06,16.4,83646140.0,01810
2024/07/10,16.36,16.56,16.04,16.12,81314076.0,01810
2024/07/11,16.26,16.76,16.2,16.68,69245590.0,01810
2024/07/12,16.86,16.98,16.54,16.84,84861492.0,01810
2024/07/15,16.84,17.06,16.4,16.46,75353380.0,01810
2024/07/16,16.24,16.4,16.14,16.34,66641300.0,01810
2024/07/17,16.48,16.94,16.26,16.78,71347036.0,01810
2024/07/18,16.68,17.04,16.6,16.84,69357199.0,01810
2024/07/19,16.6,16.76,16.36,16.52,70888406.0,01810
2024/07/22,16.56,17.32,16.54,17.22,117875122.0,01810
2024/07/23,17.3,17.44,16.86,16.96,64433875.0,01810
2024/07/24,16.94,17.04,16.32,16.54,91652264.0,01810
2024/07/25,16.4,16.48,16.12,16.2,72854684.0,01810
2024/07/26,16.32,16.62,16.32,16.36,64273609.0,01810
2024/07/29,16.62,17.1,16.56,16.82,82843861.0,01810
2024/07/30,16.7,16.8,16.22,16.32,75799866.0,01810
2024/07/31,16.4,17.06,16.26,16.84,93621817.0,01810
2024/08/01,16.78,16.9,16.5,16.68,50657487.0,01810
2024/08/02,16.36,16.38,15.86,16.08,132911168.0,01810
2024/08/05,15.74,16.06,15.36,15.86,137905794.0,01810
2024/08/06,16.0,16.12,15.64,15.82,74328521.0,01810
2024/08/07,15.78,16.08,15.76,15.9,51826337.0,01810
2024/08/08,15.74,16.04,15.58,15.84,57560855.0,01810
2024/08/09,16.12,16.52,16.02,16.4,104527148.0,01810
2024/08/12,16.38,16.64,16.32,16.46,49506251.0,01810
2024/08/13,16.52,16.96,16.44,16.9,89113360.0,01810
2024/08/14,16.98,16.98,16.74,16.86,42244264.0,01810
2024/08/15,16.68,17.3,16.6,17.22,94551112.0,01810
2024/08/16,17.24,17.42,17.14,17.32,71246541.0,01810
2024/08/19,17.5,18.04,17.48,17.62,123269250.0,01810
2024/08/20,17.96,17.96,17.28,17.68,79865450.0,01810
2024/08/21,17.32,17.52,17.1,17.52,98036616.0,01810
2024/08/22,18.5,19.24,18.38,19.1,434622724.0,01810
2024/08/23,19.0,19.14,18.68,18.82,123160023.0,01810
2024/08/26,19.0,19.0,18.52,18.72,85190286.0,01810
2024/08/27,18.58,18.9,18.44,18.88,88144342.0,01810
2024/08/28,18.8,19.02,18.62,18.96,76185975.0,01810
2024/08/29,18.68,18.9,18.42,18.88,69733894.0,01810
2024/08/30,18.88,19.7,18.82,19.5,177604614.0,01810
2024/09/02,19.3,19.56,18.98,19.06,81454069.0,01810
2024/09/03,19.06,19.32,18.9,19.18,66363685.0,01810
2024/09/04,18.82,18.86,18.44,18.66,106320627.0,01810
2024/09/05,18.64,18.82,18.32,18.54,94213782.0,01810
2024/09/09,18.3,18.62,18.24,18.62,149404091.0,01810
2024/09/10,18.62,18.7,18.18,18.66,81163590.0,01810
2024/09/11,18.34,19.06,18.34,18.96,74641703.0,01810
2024/09/12,19.02,19.3,18.84,18.92,69973131.0,01810
2024/09/13,18.96,19.44,18.92,19.22,73146752.0,01810
2024/09/16,18.98,19.3,18.94,19.24,27267287.0,01810
2024/09/17,19.2,19.58,19.14,19.52,44239073.0,01810
2024/09/19,19.46,19.98,19.28,19.8,127470344.0,01810
2024/09/20,19.8,20.2,19.72,19.88,134110539.0,01810
2024/09/23,19.88,20.8,19.84,20.55,196007468.0,01810
2024/09/24,20.9,21.45,20.8,21.2,231382970.0,01810
2024/09/25,21.85,21.85,20.4,20.55,295113558.0,01810
2024/09/26,20.85,21.5,20.35,21.5,277149964.0,01810
2024/09/27,21.8,22.45,21.15,21.95,347881602.0,01810
2024/09/30,22.7,22.95,21.95,22.5,336102598.0,01810
2024/10/02,22.5,24.65,22.5,24.0,251108945.0,01810
2024/10/03,24.05,24.4,23.2,24.05,190305304.0,01810
2024/10/04,23.9,24.75,23.6,24.55,149949209.0,01810
2024/10/07,24.9,26.15,24.7,25.85,218062756.0,01810
2024/10/08,25.9,26.2,23.4,23.7,453596652.0,01810
2024/10/09,23.95,24.45,22.55,23.3,311173505.0,01810
2024/10/10,23.8,24.45,23.6,23.75,168957063.0,01810
2024/10/14,23.7,23.7,22.5,23.6,179121230.0,01810
2024/10/15,23.6,24.05,22.7,23.0,154001004.0,01810
2024/10/16,22.6,23.2,22.5,22.7,99985996.0,01810
2024/10/17,23.1,23.75,23.0,23.1,126553025.0,01810
2024/10/18,23.3,24.8,23.3,24.55,198754528.0,01810
2024/10/21,24.75,25.35,24.2,24.25,164914336.0,01810
2024/10/22,24.25,24.8,24.1,24.45,91419386.0,01810
2024/10/23,24.35,25.9,24.3,25.55,188180918.0,01810
2024/10/24,25.25,25.65,25.15,25.25,108534234.0,01810
2024/10/25,25.45,26.5,25.45,25.95,184518253.0,01810
2024/10/28,26.3,26.4,25.3,25.5,165990392.0,01810
2024/10/29,25.9,26.15,25.25,25.85,130524256.0,01810
2024/10/30,25.6,26.4,25.35,26.0,164014844.0,01810
2024/10/31,26.0,27.3,25.95,26.7,199192208.0,01810
2024/11/01,27.0,27.45,26.55,27.3,198123879.0,01810
2024/11/04,27.5,28.0,27.1,27.3,146030485.0,01810
2024/11/05,27.0,28.35,27.0,28.2,143702336.0,01810
2024/11/06,28.1,28.35,27.0,27.6,179735496.0,01810
2024/11/07,27.1,28.1,26.6,27.85,201079990.0,01810
2024/11/08,28.0,29.25,27.95,28.3,220119217.0,01810
2024/11/11,27.75,29.7,27.65,29.3,261301204.0,01810
2024/11/12,29.4,29.6,28.25,28.45,185336411.0,01810
2024/11/13,28.0,29.0,27.65,28.9,145984202.0,01810
2024/11/14,28.5,29.0,27.35,27.85,155298014.0,01810
2024/11/15,28.15,28.65,27.75,28.0,117132035.0,01810
2024/11/18,28.5,29.05,27.6,28.8,162095850.0,01810
2024/11/19,29.15,29.35,27.5,28.3,209931014.0,01810
2024/11/20,27.9,28.15,27.4,28.0,113721056.0,01810
2024/11/21,27.9,28.75,27.75,28.15,102041844.0,01810
2024/11/22,28.25,29.85,28.0,28.55,254978108.0,01810
2024/11/25,29.1,29.3,27.7,28.4,188253473.0,01810
2024/11/26,28.0,28.35,26.9,27.2,175996227.0,01810
2024/11/27,27.1,28.4,26.8,28.3,161187829.0,01810
2024/11/28,28.0,28.65,27.7,27.85,100416130.0,01810
2024/11/29,27.85,28.25,27.25,27.75,116296536.0,01810
2024/12/02,28.25,28.75,27.9,28.55,130374633.0,01810
2024/12/03,28.85,29.45,28.55,29.1,169130914.0,01810
2024/12/04,29.4,29.55,28.85,29.1,112163595.0,01810
2024/12/05,28.95,29.6,28.8,29.45,106667106.0,01810
2024/12/06,29.5,29.95,29.25,29.9,189456485.0,01810
2024/12/09,29.95,31.0,29.45,30.95,223798144.0,01810
2024/12/10,32.15,32.15,30.8,30.95,193229427.0,01810
2024/12/11,31.45,31.5,30.2,30.45,123085951.0,01810
2024/12/12,30.65,31.8,30.45,31.6,145098808.0,01810
2024/12/13,31.4,32.15,31.05,31.35,157878633.0,01810
2024/12/16,31.5,31.65,30.05,30.35,140659846.0,01810
2024/12/17,30.55,30.75,29.6,29.95,133233564.0,01810
2024/12/18,30.45,30.9,30.05,30.8,86680411.0,01810
2024/12/19,30.2,31.05,30.0,30.8,85886142.0,01810
2024/12/20,30.7,32.1,30.7,31.65,204413958.0,01810
2024/12/23,32.0,32.25,31.45,31.75,97720054.0,01810
2024/12/24,31.85,32.9,31.55,32.75,107767035.0,01810
2024/12/27,33.5,34.95,33.35,34.15,263910660.0,01810
2024/12/30,34.65,34.95,33.7,34.45,156035423.0,01810
2024/12/31,34.45,34.8,34.05,34.5,57271083.0,01810
2025/01/02,34.8,34.8,33.4,34.0,182385452.0,01810
2025/01/03,34.45,36.3,34.0,36.25,338723918.0,01810
2025/01/06,35.9,36.85,35.65,36.3,166161841.0,01810
2025/01/07,36.05,36.1,32.75,34.15,432841993.0,01810
2025/01/08,33.7,34.15,32.2,32.8,298899129.0,01810
2025/01/09,32.7,34.3,32.65,33.75,171639459.0,01810
2025/01/10,33.75,34.5,33.4,33.55,122895840.0,01810
2025/01/13,33.2,33.5,32.3,32.8,126426992.0,01810
2025/01/14,32.75,34.15,32.75,33.75,122182323.0,01810
2025/01/15,33.75,34.0,33.35,33.6,79201609.0,01810
2025/01/16,34.1,34.8,33.55,34.35,137814016.0,01810
2025/01/17,34.4,35.0,34.1,34.95,94838569.0,01810
2025/01/20,35.65,35.8,34.3,34.7,166721242.0,01810
2025/01/21,35.0,36.1,34.75,35.9,136275839.0,01810
2025/01/22,36.0,36.2,35.2,35.3,106122696.0,01810
2025/01/23,35.7,35.75,34.25,34.5,124771415.0,01810
2025/01/24,34.75,37.3,34.5,36.85,288470060.0,01810
2025/01/27,37.65,37.65,36.55,37.1,154106703.0,01810
2025/01/28,37.85,38.45,37.55,38.3,84927933.0,01810
2025/02/03,38.9,39.2,37.2,37.95,143592266.0,01810
2025/02/04,38.7,40.1,38.5,39.55,141166344.0,01810
2025/02/05,39.95,39.95,38.7,39.65,165406601.0,01810
2025/02/06,39.8,40.7,39.4,40.55,174418873.0,01810
2025/02/07,40.7,43.05,40.55,42.45,282921470.0,01810
2025/02/10,42.7,43.95,42.15,43.75,178623301.0,01810
2025/02/11,44.0,44.3,42.25,42.55,210014328.0,01810
2025/02/12,43.9,44.55,42.65,44.1,196220080.0,01810
2025/02/13,43.9,44.6,41.2,41.65,382423053.0,01810
2025/02/14,42.4,44.9,42.05,44.7,349956076.0,01810
2025/02/17,45.0,45.45,43.55,45.15,273310085.0,01810
2025/02/18,45.15,48.4,44.7,48.4,325734161.0,01810
2025/02/19,48.0,49.5,47.0,49.45,243337561.0,01810
2025/02/20,49.45,50.9,48.0,49.15,275542159.0,01810
2025/02/21,50.05,51.95,49.7,51.7,308362585.0,01810
2025/02/24,52.2,52.35,51.05,51.6,208345620.0,01810
2025/02/25,49.8,53.9,49.8,53.2,332349383.0,01810
2025/02/26,54.25,56.8,53.1,56.3,395453828.0,01810
2025/02/27,56.6,58.7,51.4,53.1,842011809.0,01810
2025/02/28,55.75,55.75,50.65,51.85,667093154.0,01810
2025/03/03,52.9,53.0,49.55,50.95,466253103.0,01810
2025/03/04,49.05,51.6,48.65,50.55,338725813.0,01810
2025/03/05,52.0,54.2,51.3,54.2,337625486.0,01810
2025/03/06,55.3,56.3,53.85,54.9,375438239.0,01810
2025/03/07,54.6,55.5,53.1,54.35,355629253.0,01810
2025/03/10,54.0,54.5,52.35,52.85,223961425.0,01810
2025/03/11,50.85,54.0,50.7,53.9,223343033.0,01810
2025/03/12,53.85,54.7,51.5,52.05,241938609.0,01810
2025/03/13,52.05,53.4,51.6,52.85,187000372.0,01810
2025/03/14,53.0,54.6,52.55,53.85,229901198.0,01810
2025/03/17,54.35,55.8,53.3,55.8,221496225.0,01810
2025/03/18,56.75,57.95,56.15,57.65,258147732.0,01810
2025/03/19,57.0,59.45,56.4,58.2,371387356.0,01810
2025/03/20,58.0,58.65,56.1,56.5,254323500.0,01810
2025/03/21,56.6,56.85,54.05,54.7,271392247.0,01810
2025/03/24,55.25,57.1,54.9,57.0,206959960.0,01810
2025/03/25,53.85,55.0,53.25,53.4,1341045814.0,01810
2025/03/26,53.5,54.3,53.5,53.95,180066074.0,01810
2025/03/27,53.9,54.05,51.4,51.7,359693846.0,01810
2025/03/28,51.0,52.15,49.6,51.05,369242633.0,01810
2025/03/31,50.15,50.7,48.45,49.2,342788934.0,01810
2025/04/01,49.4,50.0,46.1,46.5,590405454.0,01810
2025/04/02,46.0,47.5,44.4,44.55,635758232.0,01810
2025/04/03,43.8,46.6,43.45,45.9,449295312.0,01810
2025/04/07,40.2,43.25,36.05,36.45,1037869822.0,01810
2025/04/08,38.55,39.85,37.45,38.9,715006887.0,01810
2025/04/09,37.8,42.4,36.6,41.9,679302084.0,01810
2025/04/10,44.8,45.0,42.6,43.05,526260423.0,01810
2025/04/11,42.75,45.45,42.15,44.25,357167818.0,01810
2025/04/14,45.2,45.45,42.25,43.2,422983277.0,01810
2025/04/15,43.75,43.85,42.05,43.1,164977321.0,01810
2025/04/16,42.5,42.95,40.2,41.25,315328932.0,01810
2025/04/17,41.25,42.25,40.5,41.95,190654146.0,01810
2025/04/22,42.45,44.7,42.2,44.4,280722543.0,01810
2025/04/23,46.75,47.95,45.7,47.45,365404799.0,01810
2025/04/24,48.0,48.7,46.95,48.2,238445758.0,01810
2025/04/25,48.55,48.65,47.05,47.7,166617135.0,01810
2025/04/28,48.0,48.35,47.2,47.5,90590615.0,01810
2025/04/29,47.95,47.95,47.0,47.45,101336853.0,01810
2025/04/30,47.25,50.0,46.8,49.95,241882505.0,01810
2025/05/02,50.5,53.1,50.0,53.1,140470309.0,01810
2025/05/06,53.1,53.15,51.4,51.55,187805038.0,01810
2025/05/07,52.6,53.5,50.05,50.1,236141700.0,01810
2025/05/08,49.8,51.9,49.65,50.8,154551212.0,01810
2025/05/09,51.1,51.45,50.25,51.35,99875196.0,01810
2025/05/12,51.45,51.45,48.4,50.6,356285408.0,01810
2025/05/13,50.8,50.8,48.2,48.65,220529075.0,01810
2025/05/14,49.15,50.45,48.65,50.4,174012139.0,01810
2025/05/15,50.4,51.9,49.7,50.15,155216057.0,01810
2025/05/16,50.0,51.3,49.8,51.0,121417523.0,01810
2025/05/19,50.3,52.45,49.0,52.35,217541110.0,01810
2025/05/20,53.0,54.8,52.8,54.8,228019851.0,01810
2025/05/21,54.95,55.7,53.7,54.45,189822108.0,01810
2025/05/22,54.7,55.0,52.85,53.2,199909799.0,01810
2025/05/23,53.2,53.9,51.95,53.0,154706274.0,01810
2025/05/26,52.6,52.8,51.05,51.3,146415432.0,01810
2025/05/27,51.0,52.1,50.5,51.55,125291611.0,01810
2025/05/28,52.75,53.3,51.5,51.75,202977342.0,01810
2025/05/29,51.75,52.45,51.05,51.7,141573959.0,01810
2025/05/30,51.0,51.35,49.8,50.95,206927837.0,01810
2025/06/02,50.0,51.9,49.6,51.6,90313999.0,01810
2025/06/03,52.2,53.3,51.65,53.2,166500674.0,01810
2025/06/04,53.5,54.7,52.85,53.45,176765410.0,01810
2025/06/05,54.0,54.25,53.3,54.25,130837735.0,01810
2025/06/06,54.5,54.5,52.8,53.1,125424396.0,01810
2025/06/09,53.7,54.25,52.85,54.15,122376420.0,01810
2025/06/10,54.7,54.7,52.85,53.45,115707297.0,01810
2025/06/11,53.45,54.8,53.35,54.1,147412093.0,01810
2025/06/12,53.5,53.95,52.05,52.2,142552461.0,01810
2025/06/13,51.9,52.0,50.8,51.95,176077650.0,01810
2025/06/16,51.95,54.5,51.5,54.15,220357669.0,01810
2025/06/17,54.2,54.5,53.6,54.0,71275572.0,01810
2025/06/18,53.75,54.2,53.45,53.8,64270680.0,01810
2025/06/19,53.6,54.1,52.7,53.05,92603544.0,01810
2025/06/20,53.25,54.05,53.0,54.05,88197055.0,01810
2025/06/23,54.0,54.95,53.15,54.85,138863960.0,01810
2025/06/24,55.2,57.2,55.15,56.9,222470141.0,01810
2025/06/25,57.45,57.45,56.4,56.65,146460085.0,01810
2025/06/26,57.15,57.2,56.05,56.9,126954433.0,01810
2025/06/27,61.45,61.45,58.2,58.95,481216668.0,01810
2025/06/30,59.5,60.0,57.5,59.95,260498936.0,01810
2025/07/02,60.4,60.45,59.6,60.15,140611857.0,01810
2025/07/03,59.75,60.05,57.05,58.1,234219003.0,01810
2025/07/04,57.5,58.2,56.6,57.5,132200659.0,01810
2025/07/07,56.9,57.4,56.4,57.3,81234333.0,01810
2025/07/08,57.4,58.95,57.25,58.65,101372801.0,01810
2025/07/09,58.2,58.8,57.1,57.4,100963784.0,01810
2025/07/10,57.5,57.75,56.7,56.9,96327664.0,01810
2025/07/11,57.5,58.2,57.25,57.35,88544316.0,01810
2025/07/14,57.5,57.8,56.8,57.3,73284998.0,01810
2025/07/15,57.3,58.3,56.55,57.65,125984834.0,01810
2025/07/16,58.2,58.4,57.0,57.3,103019857.0,01810
2025/07/17,57.1,57.25,55.8,56.15,165115655.0,01810
2025/07/18,56.5,57.0,55.85,57.0,96759733.0,01810
2025/07/21,56.4,58.4,56.4,57.75,124108750.0,01810
2025/07/22,57.9,58.15,57.5,57.95,69281026.0,01810
2025/07/23,58.35,58.45,57.65,58.4,109878070.0,01810
2025/07/24,58.25,58.75,58.0,58.45,83030716.0,01810
2025/07/25,58.4,58.4,57.05,57.4,115972199.0,01810
2025/07/28,57.3,57.4,56.55,56.8,111282561.0,01810
2025/07/29,56.65,56.7,54.5,55.3,244366193.0,01810
2025/07/30,55.0,55.65,54.55,54.75,134783729.0,01810
2025/07/31,54.3,54.65,53.05,53.15,192541289.0,01810
2025/08/01,52.8,54.2,52.5,53.4,125345524.0,01810
2025/08/04,53.4,54.8,53.35,54.55,98427945.0,01810
2025/08/05,54.65,55.35,54.1,54.3,93018842.0,01810
2025/08/06,54.15,54.25,53.65,54.0,60265442.0,01810
2025/08/07,52.15,52.8,51.2,51.85,314366077.0,01810
2025/08/08,51.4,51.9,51.15,51.25,137470985.0,01810
2025/08/11,51.05,51.45,50.65,50.8,126045702.0,01810
2025/08/12,50.55,52.1,50.1,51.7,143542082.0,01810
2025/08/13,52.3,53.3,51.75,53.25,153181037.0,01810
2025/08/14,53.95,53.95,52.75,53.2,108675681.0,01810
2025/08/15,52.6,53.0,52.2,52.85,109819085.0,01810
2025/08/18,52.75,53.8,52.3,53.05,116003641.0,01810
2025/08/19,53.5,53.55,52.2,52.4,113367681.0,01810
2025/08/20,51.2,53.0,51.05,52.55,158096364.0,01810
2025/08/21,52.55,52.55,51.1,51.35,146082650.0,01810
2025/08/22,52.0,52.8,51.55,52.55,136883366.0,01810
2025/08/25,53.0,53.9,52.5,53.5,177494474.0,01810
2025/08/26,53.5,53.9,53.05,53.5,99660025.0,01810
2025/08/27,53.9,54.65,52.95,53.2,142623874.0,01810
2025/08/28,53.2,53.45,52.1,53.1,122487011.0,01810
2025/08/29,52.9,53.9,52.3,52.85,124328553.0,01810
2025/09/01,53.7,54.35,53.45,54.0,150727171.0,01810
2025/09/02,54.05,56.65,53.5,55.85,258956888.0,01810
2025/09/03,56.95,56.95,54.5,54.7,135032978.0,01810
2025/09/04,55.1,55.3,53.3,53.45,105461452.0,01810
2025/09/05,54.0,54.0,52.95,53.65,106533001.0,01810
2025/09/08,53.8,54.9,53.35,54.75,104793576.0,01810
2025/09/09,54.4,56.2,53.8,56.2,173784267.0,01810
2025/09/10,56.05,56.35,54.8,54.95,141897510.0,01810
2025/09/11,54.6,55.05,53.55,54.65,120401766.0,01810
2025/09/12,55.3,55.65,54.5,55.15,137019643.0,01810
2025/09/15,55.3,56.5,54.9,56.2,127441311.0,01810
2025/09/16,56.5,57.0,56.15,56.45,107755148.0,01810
2025/09/17,56.85,57.95,56.65,57.85,172994425.0,01810
2025/09/18,57.3,58.4,55.8,56.85,182477097.0,01810
2025/09/19,57.4,57.4,55.7,56.7,174859789.0,01810
2025/09/22,56.25,56.65,55.6,56.1,108494957.0,01810
2025/09/23,56.35,56.4,55.0,55.45,84350249.0,01810
2025/09/24,55.45,57.1,55.05,56.9,118307200.0,01810
2025/09/25,56.9,59.9,56.7,59.45,328411483.0,01810
2025/09/26,59.0,59.0,54.3,54.65,415512054.0,01810
2025/09/29,55.5,55.95,52.7,53.55,332142837.0,01810
2025/09/30,54.0,54.4,53.2,54.0,211943325.0,01810
2025/10/02,54.15,56.5,54.15,55.8,101931615.0,01810
2025/10/03,55.8,56.55,54.6,55.0,62150942.0,01810
2025/10/06,54.5,54.8,53.6,53.85,52592486.0,01810
2025/10/08,53.85,54.15,53.05,53.85,84169990.0,01810
2025/10/09,54.05,54.7,53.2,53.35,127345006.0,01810
2025/10/10,52.8,52.95,51.7,52.05,168448674.0,01810
2025/10/13,49.7,50.9,47.5,49.08,488936850.0,01810
2025/10/14,49.26,50.45,48.22,48.62,219783395.0,01810
2025/10/15,49.46,49.86,48.96,49.48,119162669.0,01810
2025/10/16,49.66,49.7,47.32,47.7,248814161.0,01810
2025/10/17,47.54,47.88,45.74,45.96,264728170.0,01810
2025/10/20,46.98,47.68,46.62,47.14,139718028.0,01810
2025/10/21,48.14,48.14,46.3,46.46,164163711.0,01810
2025/10/22,46.0,46.74,45.7,46.34,121391262.0,01810
2025/10/23,46.02,47.08,45.7,46.74,106829656.0,01810
2025/10/24,47.1,47.4,45.74,45.92,170946122.0,01810
2025/10/27,45.72,46.0,43.88,45.8,282836746.0,01810
2025/10/28,45.4,45.48,44.3,44.92,184222833.0,01810
2025/10/30,44.56,45.0,43.5,44.16,246926143.0,01810
2025/10/31,43.6,44.04,43.2,43.2,139914873.0,01810
2025/11/03,43.8,45.08,43.8,44.72,210374637.0,01810
2025/11/04,44.72,44.9,43.28,43.42,136346196.0,01810
2025/11/05,42.6,43.32,42.16,43.32,127723032.0,01810
2025/11/06,43.62,43.7,42.92,43.44,122167159.0,01810
2025/11/07,43.2,43.2,41.92,42.24,175915458.0,01810
2025/11/10,42.24,42.86,41.68,42.36,163981822.0,01810
2025/11/11,42.64,43.42,42.36,42.98,152392565.0,01810
2025/11/12,43.4,44.62,42.86,43.7,219603402.0,01810
2025/11/13,43.76,44.24,42.9,43.5,158595312.0,01810
2025/11/14,42.6,42.86,42.28,42.36,139429210.0,01810
2025/11/17,42.4,42.78,41.7,41.96,131317369.0,01810
2025/11/18,41.78,41.78,40.52,40.78,214473888.0,01810
2025/11/19,40.0,40.98,38.22,38.82,480542429.0,01810
2025/11/20,38.8,38.86,37.3,37.7,348136827.0,01810
2025/11/21,36.8,38.9,36.62,38.08,417607492.0,01810
2025/11/24,38.8,38.94,37.76,38.66,236144311.0,01810
2025/11/25,39.8,41.1,39.58,40.34,317034207.0,01810
2025/11/26,40.58,41.12,39.9,40.1,200500143.0,01810
2025/11/27,40.24,41.8,40.22,41.1,209296970.0,01810
2025/11/28,41.18,41.2,40.62,41.02,85614446.0,01810
2025/12/01,41.24,41.28,39.84,40.3,195409729.0,01810
2025/12/02,40.54,41.3,40.08,40.7,140246380.0,01810
2025/12/03,40.7,40.94,40.1,40.22,107270957.0,01810
2025/12/04,40.34,42.16,40.18,41.98,186514763.0,01810
2025/12/05,41.7,43.18,41.3,42.78,274587981.0,01810
2025/12/08,42.92,43.64,42.02,42.58,242628730.0,01810
2025/12/09,42.48,42.88,41.02,41.26,182989838.0,01810
2025/12/10,41.32,41.94,40.86,41.78,113257196.0,01810
2025/12/11,41.78,42.46,41.6,42.18,123140679.0,01810
2025/12/12,42.66,43.6,42.18,42.96,243323268.0,01810
2025/12/15,42.3,42.6,41.72,41.84,132614562.0,01810
2025/12/16,41.3,41.5,40.3,40.9,145947185.0,01810
2025/12/17,41.28,41.46,40.4,41.22,101356700.0,01810
2025/12/18,40.38,40.44,39.9,40.2,128195819.0,01810
2025/12/19,40.44,40.64,39.9,40.54,108587118.0,01810
2025/12/22,40.38,40.62,39.5,39.8,165917014.0,01810
2025/12/23,39.7,39.76,39.06,39.2,127074303.0,01810
2025/12/24,39.1,39.46,39.06,39.22,41922197.0,01810
2025/12/29,38.68,39.96,37.94,38.58,195594721.0,01810
2025/12/30,38.58,39.72,38.46,39.36,107157354.0,01810
2025/12/31,39.7,39.82,39.0,39.3,53804989.0,01810
2026/01/02,39.4,40.5,39.22,40.28,61202300.0,01810
2026/01/05,40.6,40.6,39.14,39.34,159063197.0,01810
2026/01/06,39.22,39.4,38.74,38.76,196715183.0,01810
2026/01/07,38.76,39.2,38.02,38.16,190926334.0,01810
2026/01/08,38.0,38.18,37.3,38.02,173278787.0,01810
2026/01/09,38.08,38.5,37.64,37.82,124268815.0,01810
2026/01/12,37.74,38.76,37.18,38.74,213876786.0,01810
2026/01/13,39.28,39.48,37.88,37.98,209118651.0,01810
2026/01/14,37.98,38.48,37.58,37.78,176626667.0,01810
2026/01/15,37.78,38.24,37.36,37.86,116208908.0,01810
2026/01/16,38.0,38.36,37.0,37.1,197999131.0,01810
2026/01/19,36.62,36.82,36.22,36.48,182457077.0,01810
2026/01/20,36.02,36.64,35.44,35.48,224571684.0,01810
2026/01/21,35.1,35.74,34.5,35.42,266881560.0,01810
2026/01/22,35.74,35.8,34.72,35.24,134701337.0,01810
2026/01/23,35.5,36.44,35.5,36.24,178365582.0,01810
2026/01/26,36.36,36.36,35.02,35.22,156493519.0,01810
2026/01/27,35.24,35.76,35.0,35.56,113268822.0,01810
2026/01/28,35.56,36.32,35.38,36.32,149736767.0,01810
2026/01/29,35.96,37.5,35.62,36.62,181865895.0,01810
2026/01/30,36.2,36.4,35.5,35.5,142212291.0,01810
2026/02/02,35.2,35.36,34.36,35.06,184610777.0,01810
2026/02/03,34.82,35.28,34.36,34.6,141720849.0,01810
2026/02/04,34.52,34.6,33.7,33.96,181137056.0,01810
2026/02/05,33.8,35.14,33.32,34.92,203360331.0,01810
2026/02/06,34.32,35.48,34.3,35.18,134239254.0,01810
2026/02/09,35.38,35.62,34.98,35.2,123593633.0,01810
2026/02/10,35.5,36.16,35.46,35.58,107406481.0,01810
2026/02/11,35.8,37.5,35.52,37.1,223116919.0,01810
2026/02/12,37.1,37.26,36.3,36.52,143588099.0,01810
2026/02/13,36.3,37.0,35.78,36.84,127717263.0,01810
2026/02/16,36.84,36.86,35.48,36.66,40204215.0,01810
2026/02/20,36.66,36.86,35.32,35.36,93269892.0,01810
2026/02/23,35.86,36.76,35.7,36.56,85749873.0,01810
2026/02/24,36.08,36.48,35.44,35.74,142300259.0,01810
2026/02/25,35.74,36.02,35.44,35.6,95406041.0,01810
2026/02/26,35.76,36.3,35.18,35.18,122377342.0,01810
2026/02/27,34.9,35.24,34.62,34.9,136362387.0,01810
2026/03/02,34.2,34.36,33.0,33.14,316564745.0,01810
2026/03/03,33.14,33.16,31.46,31.58,279341876.0,01810
2026/03/04,31.46,32.56,31.2,32.0,205303841.0,01810
2026/03/05,32.56,33.04,32.1,32.2,134042468.0,01810
2026/03/06,32.48,34.14,31.98,33.42,293556057.0,01810
2026/03/09,32.68,33.82,32.56,33.68,176802011.0,01810
2026/03/10,34.56,34.56,33.24,33.62,144887256.0,01810
2026/03/11,33.62,33.98,33.14,33.34,127324683.0,01810
2026/03/12,33.08,33.72,33.0,33.3,78757356.0,01810
2026/03/13,33.3,33.68,32.78,33.32,90631843.0,01810
2026/03/16,33.52,35.28,33.4,35.2,227090440.0,01810
2026/03/17,35.4,36.62,35.22,35.36,206256757.0,01810
2026/03/18,35.38,35.8,34.56,35.14,138424731.0,01810
2026/03/19,36.06,37.18,35.7,36.32,348023057.0,01810
2026/03/20,35.5,35.64,33.2,33.2,396613712.0,01810
2026/03/23,32.9,33.04,31.62,32.06,252029044.0,01810
2026/03/24,32.4,32.86,32.06,32.68,167841875.0,01810
2026/03/25,32.04,32.94,31.52,32.52,313561967.0,01810
2026/03/26,32.36,33.18,32.22,32.44,200494255.0,01810
2026/03/27,32.3,33.4,31.92,33.0,143817444.0,01810
2026/03/30,32.3,32.62,32.04,32.38,146061694.0,01810
2026/03/31,32.38,32.86,31.52,31.76,173246657.0,01810
2026/04/01,32.36,32.64,31.58,32.02,158899200.0,01810
2026/04/02,31.7,31.72,30.52,30.88,260224828.0,01810
2026/04/08,31.54,32.76,31.54,32.76,256433453.0,01810
2026/04/09,32.32,32.34,31.28,31.36,168319928.0,01810
2026/04/10,31.42,31.96,30.84,30.9,168300156.0,01810
2026/04/13,30.7,30.76,30.26,30.66,118774442.0,01810
2026/04/14,31.16,31.26,30.44,30.88,108582040.0,01810
2026/04/15,31.2,31.34,30.64,30.9,105366843.0,01810
2026/04/16,31.06,32.22,31.06,32.06,183635718.0,01810
2026/04/17,31.78,32.18,31.32,32.0,119020532.0,01810
2026/04/20,32.02,32.94,31.84,32.32,125873323.0,01810
2026/04/21,32.32,32.58,32.02,32.4,72569687.0,01810
2026/04/22,32.18,32.2,31.72,31.8,81506568.0,01810
2026/04/23,31.8,31.8,30.84,31.18,135471125.0,01810
2026/04/24,31.0,31.34,30.8,31.2,77321253.0,01810
2026/04/27,31.2,31.34,30.62,31.1,88584715.0,01810
2026/04/28,31.1,31.2,29.9,29.92,211802864.0,01810
2026/04/29,29.92,30.36,29.7,30.14,167446422.0,01810
2026/04/30,29.82,29.88,28.8,29.02,284581634.0,01810
2026/05/04,29.06,32.14,29.06,30.98,234369711.0,01810
2026/05/05,30.8,30.92,29.84,30.46,110953102.0,01810
2026/05/06,30.52,31.18,30.3,30.82,208359203.0,01810
2026/05/07,31.22,31.48,30.76,31.12,142253475.0,01810
2026/05/08,31.02,31.92,30.86,31.68,132137552.0,01810
2026/05/11,31.52,32.0,31.08,31.7,113289085.0,01810
2026/05/12,31.7,32.1,31.36,31.46,96395374.0,01810
2026/05/13,31.52,32.08,31.12,31.8,102172260.0,01810
2026/05/14,32.5,32.88,31.72,31.72,160864410.0,01810
2026/05/15,31.6,31.72,30.46,30.7,152641980.0,01810
2026/05/18,31.0,31.06,30.14,30.66,116608436.0,01810
2026/05/19,30.68,31.06,30.34,30.64,89701522.0,01810
2026/05/20,30.54,30.54,29.86,30.14,109868643.0,01810
2026/05/21,30.2,30.6,29.42,29.66,117068449.0,01810
2026/05/22,30.08,30.18,29.74,30.0,100960958.0,01810
2026/05/26,30.0,30.52,29.3,29.76,148283733.0,01810
2026/05/27,29.6,30.68,28.24,28.4,283417486.0,01810
2026/05/28,28.34,28.76,27.5,28.56,238003859.0,01810
2026/05/29,28.56,28.62,27.52,28.04,248812612.0,01810
2026/06/01,28.04,28.96,28.04,28.72,164616523.0,01810
2026/06/02,28.8,29.74,28.6,29.62,178513477.0,01810
2026/06/03,29.5,29.68,28.54,28.58,142370227.0,01810
2026/06/04,28.62,28.76,28.06,28.38,88262656.0,01810
2026/06/05,28.62,28.74,27.8,27.8,154054795.0,01810
2026/06/08,27.34,28.1,26.98,27.38,152036878.0,01810
2026/06/09,27.1,27.46,26.98,27.2,103973917.0,01810
2026/06/10,27.02,27.02,25.78,26.32,226252092.0,01810
2026/06/11,26.2,26.46,25.58,25.84,124356371.0,01810
2026/06/12,26.06,26.5,25.96,26.2,131880583.0,01810
2026/06/15,26.7,26.78,26.18,26.26,94789343.0,01810
2026/06/16,26.26,26.36,25.5,25.66,113820644.0,01810
2026/06/17,25.64,25.78,25.14,25.42,109311095.0,01810
2026/06/18,25.1,25.1,24.36,24.58,199675798.0,01810
2026/06/22,24.2,24.3,23.52,23.72,241866864.0,01810
2026/06/23,23.5,23.6,22.5,22.62,244561408.0,01810
2026/06/24,22.62,23.16,22.26,22.96,219904218.0,01810
2026/06/25,22.74,22.8,21.86,22.3,178920826.0,01810
2026/06/26,21.98,22.16,21.3,21.42,191622768.0,01810
2026/06/29,21.7,22.28,21.4,21.86,206092162.0,01810
2026/06/30,21.88,22.1,21.34,21.64,173878074.0,01810
2026/07/02,22.4,22.88,22.02,22.6,222813169.0,01810
2026/07/03,22.98,24.1,22.8,22.96,268232162.0,01810
2026/07/06,23.3,23.76,22.58,23.28,160205588.0,01810
2026/07/07,23.3,24.18,23.02,23.1,202757349.0,01810
2026/07/08,23.5,25.66,23.36,25.3,409721593.0,01810
2026/07/09,25.42,26.16,24.48,25.0,348613728.0,01810
2026/07/10,25.22,26.3,24.5,25.84,254498794.0,01810
2026/07/13,25.84,26.78,25.58,25.84,206564861.0,01810
2026/07/14,26.06,26.28,25.24,26.04,235763261.0,01810
2026/07/15,26.04,26.2,25.28,25.86,151795185.0,01810
2026/07/16,26.12,27.86,26.1,27.5,319311311.0,01810
2026/07/17,28.08,28.22,26.36,26.88,279882322.0,01810
2026/07/20,27.5,27.86,27.04,27.74,167547303.0,01810
2026/07/21,27.34,28.16,27.24,27.42,158569307.0,01810
2026/07/22,27.34,27.34,26.3,26.68,147613446.0,01810
2026/07/23,26.4,27.2,26.04,27.14,87139468.0,01810
2026/07/24,26.54,27.46,26.44,26.72,100009828.0,01810
2026/07/27,26.9,29.08,26.84,28.68,274937407.0,01810
2026/07/28,29.2,29.66,28.58,29.26,227304562.0,01810
2026/07/29,29.7,32.0,29.48,31.88,482247702.0,01810
2026/07/30,32.4,32.4,30.8,31.04,242298426.0,01810
2026/07/31,29.3,29.5,27.76,28.78,414222166.0,01810
2026/08/03,28.74,28.76,27.2,27.96,291271451.0,01810
2026/08/04,27.86,28.34,27.18,27.96,154554311.0,01810
2026/08/05,28.0,28.4,27.46,27.64,140378692.0,01810
2026/08/06,27.64,28.04,26.64,26.86,199623572.0,01810
2026/08/07,26.66,27.16,26.06,27.06,148233931.0,01810
2026/08/10,27.1,27.82,26.82,27.62,149650782.0,01810
2026/08/11,27.38,27.56,26.6,26.66,120335468.0,01810
2026/08/12,26.46,26.52,26.12,26.36,106974043.0,01810
2026/08/13,26.1,26.48,25.8,25.88,116473440.0,01810
2026/08/14,25.86,26.12,25.44,25.62,91055676.0,01810
2026/08/17,25.8,26.24,25.8,25.88,100082735.0,01810
2026/08/18,25.5,26.54,25.22,26.18,179217011.0,01810
2026/08/19,26.96,28.08,26.38,27.44,339866011.0,01810
2026/08/20,27.78,28.64,27.5,27.76,178685384.0,01810
2026/08/21,28.4,29.1,28.0,29.02,180377953.0,01810
2026/08/24,28.6,28.84,27.54,27.82,158110022.0,01810
2026/08/25,28.32,28.48,27.64,27.76,81489138.0,01810
2026/08/26,28.0,29.14,27.8,28.46,142477417.0,01810
2026/08/27,28.46,28.64,27.36,27.48,145686928.0,01810
2026/08/28,27.48,28.26,27.36,27.82,85331331.0,01810
2026/08/31,27.88,27.96,27.42,27.62,90434800.0,01810
