date,open,high,low,close,volume,Ticker
2024/05/27,368.7808,374.3323,359.2638,374.134,32132068.0,00700
2024/05/28,373.9358,382.6596,370.1687,376.9098,16614787.0,00700
2024/05/29,374.134,376.5133,366.4015,367.7894,27378220.0,00700
2024/05/30,366.7981,370.9617,362.6344,364.8154,22006500.0,00700
2024/05/31,367.9877,375.7202,356.6863,356.6863,40035868.0,00700
2024/06/03,363.6258,375.7202,363.4275,371.7548,28125374.0,00700
2024/06/04,371.7548,376.315,370.5652,374.134,18043066.0,00700
2024/06/05,374.3323,384.444,374.3323,377.5046,20205424.0,00700
2024/06/06,384.0475,387.6163,375.7202,378.2977,18888938.0,00700
2024/06/07,379.6856,381.2717,369.5738,371.5565,25247259.0,00700
2024/06/11,364.2206,374.5306,364.2206,370.5652,26496779.0,00700
2024/06/12,370.5652,374.5306,366.4015,367.5912,14960058.0,00700
2024/06/13,373.1427,377.3063,370.3669,376.5133,15337042.0,00700
2024/06/14,379.4873,380.2804,375.3237,376.5133,20859332.0,00700
2024/06/17,372.9444,382.4613,371.5565,377.9012,15281150.0,00700
2024/06/18,378.0994,380.4787,373.7375,373.7375,14278934.0,00700
2024/06/19,377.1081,387.6163,375.1254,385.6337,22313477.0,00700
2024/06/20,388.6077,388.6077,382.2631,384.2458,14049005.0,00700
2024/06/21,380.4787,381.8665,374.7288,378.0994,25855005.0,00700
2024/06/24,374.3323,377.7029,370.7635,377.1081,12919565.0,00700
2024/06/25,378.496,381.6683,375.3237,378.6942,12789522.0,00700
2024/06/26,375.9185,379.6856,373.7375,378.6942,11886907.0,00700
2024/06/27,376.315,376.7115,368.979,371.16,17513758.0,00700
2024/06/28,368.3842,372.7462,367.5912,369.1773,15561097.0,00700
2024/07/02,363.824,372.9444,362.0396,366.005,27266647.0,00700
2024/07/03,363.6258,377.5046,363.6258,376.1167,22256951.0,00700
2024/07/04,383.4527,383.4527,375.3237,379.0908,15437093.0,00700
2024/07/05,381.47,382.2631,375.5219,376.5133,10522095.0,00700
2024/07/08,378.496,379.8838,372.3496,375.3237,11623215.0,00700
2024/07/09,373.7375,378.8925,372.7462,377.7029,13024401.0,00700
2024/07/10,381.8665,382.4613,373.5392,374.3323,15586645.0,00700
2024/07/11,376.1167,382.6596,374.9271,381.47,16590064.0,00700
2024/07/12,387.4181,393.7627,385.8319,393.5644,27521352.0,00700
2024/07/15,389.7973,393.5644,385.2371,386.8233,13680185.0,00700
2024/07/16,382.6596,384.0475,374.5306,374.7288,19061149.0,00700
2024/07/17,371.7548,374.134,365.2119,368.5825,25857823.0,00700
2024/07/18,364.8154,368.3842,363.824,366.005,18944747.0,00700
2024/07/19,363.4275,365.2119,359.8587,360.85,23088518.0,00700
2024/07/22,364.0223,372.5479,362.2379,369.9704,16960926.0,00700
2024/07/23,371.7548,373.1427,362.8327,363.031,12104461.0,00700
2024/07/24,362.6344,366.4015,357.4794,360.0569,11800216.0,00700
2024/07/25,357.0829,358.4708,347.9625,348.1608,25787277.0,00700
2024/07/26,349.7469,355.2985,349.3504,351.3331,13267324.0,00700
2024/07/29,356.6863,358.8673,350.7383,355.1002,12872249.0,00700
2024/07/30,352.3244,354.5054,349.3504,350.54,9749595.0,00700
2024/07/31,349.1521,363.6258,347.9625,359.0656,20304313.0,00700
2024/08/01,360.6517,365.4102,360.4535,362.4362,12412285.0,00700
2024/08/02,357.6777,362.2379,353.1175,355.1002,17707597.0,00700
2024/08/05,348.9538,361.0483,345.9798,353.514,22963458.0,00700
2024/08/06,357.4794,360.2552,346.3763,351.3331,17674374.0,00700
2024/08/07,352.1262,362.2379,352.1262,360.2552,15840290.0,00700
2024/08/08,358.0742,371.16,356.2898,365.0137,18811540.0,00700
2024/08/09,368.186,372.7462,365.2119,366.7981,16353916.0,00700
2024/08/12,368.7808,373.341,366.7981,371.7548,10215275.0,00700
2024/08/13,372.7462,377.3063,372.3496,375.3237,13590391.0,00700
2024/08/14,375.3237,376.1167,366.2033,370.5652,18692686.0,00700
2024/08/15,363.031,371.5565,361.0483,365.2119,21443850.0,00700
2024/08/16,368.7808,371.9531,365.6085,369.3756,16414338.0,00700
2024/08/19,374.3323,374.3323,367.9877,369.3756,15210162.0,00700
2024/08/20,369.5738,370.5652,365.8067,367.1946,11852608.0,00700
2024/08/21,364.2206,370.5652,362.0396,368.3842,11647083.0,00700
2024/08/22,371.5565,374.5306,367.9877,374.5306,16786859.0,00700
2024/08/23,373.7375,375.3237,370.3669,372.3496,13055635.0,00700
2024/08/26,374.7288,381.47,374.3323,378.6942,16251125.0,00700
2024/08/27,374.7288,379.289,373.9358,378.496,13675535.0,00700
2024/08/28,379.6856,379.6856,369.1773,370.9617,14602521.0,00700
2024/08/29,366.7981,374.7288,365.8067,374.3323,12890430.0,00700
2024/08/30,374.3323,382.2631,373.5392,378.6942,30873303.0,00700
2024/09/02,376.7115,379.8838,373.1427,374.5306,13878671.0,00700
2024/09/03,374.7288,378.0994,371.5565,374.9271,9814885.0,00700
2024/09/04,370.9617,373.341,367.9877,369.5738,13278870.0,00700
2024/09/05,367.1946,373.341,367.1946,370.1687,9576319.0,00700
2024/09/09,366.7981,367.9877,362.0396,367.9877,20078164.0,00700
2024/09/10,366.005,367.3929,362.8327,365.4102,12303441.0,00700
2024/09/11,363.4275,367.3929,361.8413,366.9963,12043623.0,00700
2024/09/12,367.7894,373.7375,366.4015,369.3756,13800366.0,00700
2024/09/13,369.5738,373.5392,369.5738,371.5565,11013765.0,00700
2024/09/16,369.3756,374.5306,367.1946,374.5306,7689238.0,00700
2024/09/17,368.7808,378.0994,368.7808,376.7115,10147851.0,00700
2024/09/19,376.315,386.4267,373.341,385.4354,25801963.0,00700
2024/09/20,386.625,389.9956,380.4787,385.2371,28407069.0,00700
2024/09/23,384.6423,388.6077,381.8665,384.2458,15223032.0,00700
2024/09/24,389.599,398.7194,386.0302,398.7194,42919010.0,00700
2024/09/25,414.3827,414.3827,397.9263,401.8917,40112126.0,00700
2024/09/26,404.4692,426.2788,403.2796,426.2788,50254878.0,00700
2024/09/27,439.3646,440.9508,428.8563,434.0113,57154793.0,00700
2024/09/30,445.7092,453.4417,430.4425,440.7525,75459468.0,00700
2024/10/02,446.1058,475.4496,445.3127,465.9327,48766943.0,00700
2024/10/03,466.924,472.4756,449.2781,462.1656,31600782.0,00700
2024/10/04,465.9327,474.8548,458.2002,473.4669,24663665.0,00700
2024/10/07,475.6479,478.2254,465.5362,474.26,25334387.0,00700
2024/10/08,467.9154,472.6738,434.8044,434.8044,70468024.0,00700
2024/10/09,445.1144,449.0798,420.3308,430.4425,46372903.0,00700
2024/10/10,434.2096,444.7179,432.6235,435.0027,33111230.0,00700
2024/10/14,436.9854,436.9854,420.3308,432.2269,30316807.0,00700
2024/10/15,430.046,430.046,409.0294,413.3913,33478410.0,00700
2024/10/16,411.4087,422.1152,409.0294,412.2017,22490256.0,00700
2024/10/17,414.3827,423.1065,406.4519,409.0294,16476899.0,00700
2024/10/18,409.0294,431.8304,407.8398,427.0719,25963857.0,00700
2024/10/21,426.8737,427.6667,415.5723,417.3567,16334100.0,00700
2024/10/22,419.5377,419.9342,414.3827,417.9515,11027704.0,00700
2024/10/23,419.3394,428.4598,412.9948,424.4944,14656951.0,00700
2024/10/24,421.3221,421.9169,415.9688,418.3481,11202752.0,00700
2024/10/25,423.8996,423.8996,414.9775,417.3567,11951879.0,00700
2024/10/28,417.3567,418.5463,410.0208,413.5896,15551935.0,00700
2024/10/29,415.7706,419.736,411.6069,414.7792,13797786.0,00700
2024/10/30,410.0208,414.3827,407.0467,407.4433,17895482.0,00700
2024/10/31,406.8485,415.1758,401.0987,401.0987,22753709.0,00700
2024/11/01,402.4865,418.7446,402.4865,415.5723,21086569.0,00700
2024/11/04,419.3394,420.1325,412.4,415.374,11706119.0,00700
2024/11/05,411.6069,424.0979,411.6069,424.0979,15270863.0,00700
2024/11/06,421.3221,422.5117,409.6242,416.1671,20755203.0,00700
2024/11/07,413.3913,425.8823,410.8138,424.6927,19924018.0,00700
2024/11/08,431.2356,432.2269,415.7706,417.1585,19389836.0,00700
2024/11/11,408.4346,412.0035,405.8571,409.6242,22857586.0,00700
2024/11/12,405.8571,410.219,399.5125,400.3056,27303282.0,00700
2024/11/13,393.7627,403.6762,392.5731,400.3056,28307185.0,00700
2024/11/14,398.1246,411.4087,394.3575,399.909,34898922.0,00700
2024/11/15,400.5038,403.4779,395.5471,397.5298,29061324.0,00700
2024/11/18,401.6935,409.8225,398.1246,400.7021,20493537.0,00700
2024/11/19,403.0813,405.4606,399.909,402.6848,13879296.0,00700
2024/11/20,404.6675,410.219,402.6848,407.245,15005135.0,00700
2024/11/21,405.8571,407.8398,403.4779,404.0727,12501718.0,00700
2024/11/22,405.2623,408.8312,396.1419,397.1333,16949546.0,00700
2024/11/25,396.5385,398.9177,390.3921,391.78,27888308.0,00700
2024/11/26,388.806,395.7454,388.806,390.3921,16940574.0,00700
2024/11/27,391.1852,402.6848,388.6077,399.3142,16685594.0,00700
2024/11/28,397.9263,400.7021,393.961,396.5385,13067643.0,00700
2024/11/29,391.5817,399.3142,391.5817,394.5558,15626995.0,00700
2024/12/02,394.5558,398.1246,392.1765,396.3402,13334410.0,00700
2024/12/03,399.7108,400.9004,390.9869,400.9004,18362569.0,00700
2024/12/04,398.7194,402.09,396.3402,399.7108,14053234.0,00700
2024/12/05,399.909,403.0813,397.3315,401.6935,13314801.0,00700
2024/12/06,403.2796,411.0121,401.4952,409.0294,27711445.0,00700
2024/12/09,402.6848,417.555,402.6848,415.1758,22461949.0,00700
2024/12/10,426.2788,427.2702,406.8485,407.6415,30282843.0,00700
2024/12/11,411.2104,411.4087,403.6762,406.2537,13098201.0,00700
2024/12/12,410.4173,419.1412,405.6588,412.0035,23414258.0,00700
2024/12/13,409.426,411.4087,405.064,406.2537,16296064.0,00700
2024/12/16,406.4519,407.8398,400.3056,402.09,14059845.0,00700
2024/12/17,398.5212,404.4692,398.3229,399.116,16779048.0,00700
2024/12/18,404.4692,405.2623,400.5038,402.4865,14906072.0,00700
2024/12/19,398.7194,418.3481,397.9263,411.6069,34671236.0,00700
2024/12/20,410.6156,426.0806,410.6156,422.71,44834041.0,00700
2024/12/23,426.8737,427.2702,412.5983,416.5637,20856154.0,00700
2024/12/24,417.3567,417.9515,413.9862,416.3654,7873769.0,00700
2024/12/27,413.9862,417.3567,412.0035,413.7879,13545082.0,00700
2024/12/30,414.3827,418.1498,412.2017,415.374,13515622.0,00700
2024/12/31,413.5896,417.7533,412.2017,413.3913,10867280.0,00700
2025/01/02,413.3913,421.3221,410.0208,412.4,20733037.0,00700
2025/01/03,414.3827,415.374,406.8485,410.6156,16843241.0,00700
2025/01/06,411.4087,411.4087,403.6762,405.8571,16869318.0,00700
2025/01/07,377.3063,389.4008,373.341,376.315,142920468.0,00700
2025/01/08,367.9877,376.5133,362.4362,366.005,95456188.0,00700
2025/01/09,361.8413,376.1167,361.8413,370.1687,60578450.0,00700
2025/01/10,370.3669,376.1167,366.4015,366.4015,37053933.0,00700
2025/01/13,361.6431,368.3842,361.6431,362.8327,34785015.0,00700
2025/01/14,362.4362,376.315,362.4362,371.7548,40623785.0,00700
2025/01/15,370.1687,382.0648,369.7721,376.7115,29158255.0,00700
2025/01/16,380.6769,383.2544,373.341,379.0908,26141103.0,00700
2025/01/17,377.7029,378.8925,375.1254,376.5133,17138321.0,00700
2025/01/20,376.9098,389.4008,376.9098,386.4267,31141403.0,00700
2025/01/21,388.6077,388.806,383.0562,384.0475,25249668.0,00700
2025/01/22,381.6683,385.2371,377.7029,380.0821,17859069.0,00700
2025/01/23,379.6856,382.6596,376.315,377.9012,21256810.0,00700
2025/01/24,379.8838,389.0042,378.8925,387.2198,24079119.0,00700
2025/01/27,384.6423,394.5558,384.6423,392.1765,23605938.0,00700
2025/01/28,397.5298,402.4865,395.5471,397.7281,14203491.0,00700
2025/02/03,396.5385,401.2969,390.7887,400.7021,27917841.0,00700
2025/02/04,405.6588,417.555,403.4779,417.1585,31276268.0,00700
2025/02/05,417.9515,417.9515,406.4519,414.1844,32129392.0,00700
2025/02/06,412.5983,416.7619,409.8225,416.7619,19585105.0,00700
2025/02/07,416.7619,428.6581,414.1844,424.4944,34567530.0,00700
2025/02/10,425.8823,435.994,425.0892,433.2183,31411302.0,00700
2025/02/11,436.1923,437.3819,421.9169,423.7013,30893563.0,00700
2025/02/12,425.2875,440.7525,422.3135,440.356,38264929.0,00700
2025/02/13,445.1144,460.5794,433.2183,438.175,60985718.0,00700
2025/02/14,445.9075,470.6912,442.7352,470.6912,74519223.0,00700
2025/02/17,501.6212,507.5692,480.8029,489.3285,126223580.0,00700
2025/02/18,489.9233,508.5606,489.5267,499.1428,62529454.0,00700
2025/02/19,495.6731,496.1687,488.9319,493.4921,34127174.0,00700
2025/02/20,486.9492,488.7337,478.4237,482.5873,34549151.0,00700
2025/02/21,500.6298,512.526,495.0783,512.526,73545153.0,00700
2025/02/24,517.4827,517.4827,492.8973,492.8973,67542767.0,00700
2025/02/25,473.6652,486.751,472.2773,480.6046,56509529.0,00700
2025/02/26,483.7769,503.6038,483.5787,497.1601,40489654.0,00700
2025/02/27,499.1428,507.5692,487.3458,491.1129,38902820.0,00700
2025/02/28,488.5354,493.4921,471.8808,474.4583,52160819.0,00700
2025/03/03,479.415,492.699,475.6479,479.0185,32752021.0,00700
2025/03/04,474.8548,488.7337,469.105,486.751,31124964.0,00700
2025/03/05,497.6558,504.5952,493.6904,501.1255,35165757.0,00700
2025/03/06,516.4913,539.2923,516.4913,539.2923,79683892.0,00700
2025/03/07,534.3356,542.2663,524.4221,528.8832,46494425.0,00700
2025/03/10,523.4308,532.8486,507.5692,512.0303,34415026.0,00700
2025/03/11,497.1601,515.5,496.1687,513.0216,33852768.0,00700
2025/03/12,518.474,520.4567,500.6298,507.5692,28031056.0,00700
2025/03/13,508.5606,511.5346,494.88,503.1082,27326941.0,00700
2025/03/14,508.5606,526.4048,503.1082,516.987,30711707.0,00700
2025/03/17,527.3962,529.8745,517.4827,519.9611,22096160.0,00700
2025/03/18,533.8399,538.7966,528.8832,536.3183,33639833.0,00700
2025/03/19,537.8053,540.2837,529.3788,535.3269,31604153.0,00700
2025/03/20,535.8226,536.3183,513.5173,515.0043,49845030.0,00700
2025/03/21,513.5173,521.4481,501.1255,507.0736,42260479.0,00700
2025/03/24,509.5519,513.0216,500.1341,508.5606,24598555.0,00700
2025/03/25,508.5606,511.0389,496.6644,497.6558,27744935.0,00700
2025/03/26,497.6558,506.0822,497.6558,502.1168,17310634.0,00700
2025/03/27,504.5952,511.5346,497.6558,504.5952,17595617.0,00700
2025/03/28,507.0736,512.0303,499.1428,505.0909,18594342.0,00700
2025/03/31,500.6298,503.1082,490.3198,492.699,28036973.0,00700
2025/04/01,496.6644,507.0736,495.6731,499.6385,19518013.0,00700
2025/04/02,500.6298,504.5952,494.88,499.6385,14247546.0,00700
2025/04/03,488.7337,496.1687,486.9492,493.4921,29219618.0,00700
2025/04/07,437.9767,458.3985,427.2702,431.6321,123364114.0,00700
2025/04/08,436.9854,447.2954,426.2788,436.5888,65120104.0,00700
2025/04/09,422.3135,443.1317,415.374,437.3819,66484213.0,00700
2025/04/10,456.0192,457.6054,439.1663,440.9508,57799983.0,00700
2025/04/11,436.1923,448.6833,428.2615,439.5629,46594597.0,00700
2025/04/14,449.0798,455.2262,444.9162,450.0712,30346489.0,00700
2025/04/15,460.5794,460.5794,447.6919,452.0538,20245398.0,00700
2025/04/16,446.7006,447.6919,436.3906,444.1231,27322773.0,00700
2025/04/17,446.5023,458.0019,445.9075,454.0365,24479822.0,00700
2025/04/22,456.0192,458.795,449.2781,456.4158,24043746.0,00700
2025/04/23,471.8808,475.2513,467.3206,470.0963,27001392.0,00700
2025/04/24,472.8721,473.6652,460.976,466.924,18912016.0,00700
2025/04/25,475.8462,481.596,470.8894,474.0617,28746958.0,00700
2025/04/28,478.2254,478.2254,470.6912,474.0617,13805160.0,00700
2025/04/29,473.6652,474.26,464.9413,468.9067,16367401.0,00700
2025/04/30,470.8894,473.0704,465.3379,473.0704,15312733.0,00700
2025/05/02,474.0617,485.5613,473.2687,483.5787,13240838.0,00700
2025/05/06,487.3458,492.5008,481.0012,491.1129,19813305.0,00700
2025/05/07,504.5952,505.0909,485.3631,485.5613,25616342.0,00700
2025/05/08,482.7856,497.6558,482.389,493.6904,19815740.0,00700
2025/05/09,495.6731,499.1428,487.7423,490.3198,13777285.0,00700
2025/05/12,499.6385,516.987,494.6817,513.0216,35846811.0,00700
2025/05/13,515.5,515.5,501.1255,501.6212,23119901.0,00700
2025/05/14,507.5692,516.4913,506.0822,516.4913,24294663.0,00700
2025/05/15,526.9005,527.3962,510.5433,515.5,32799956.0,00700
2025/05/16,509.5,517.0,506.5,508.0,21334027.0,00700
2025/05/19,508.0,517.0,502.5,514.0,22457714.0,00700
2025/05/20,512.5,517.5,511.5,517.0,15792185.0,00700
2025/05/21,519.0,524.5,515.5,520.5,18924042.0,00700
2025/05/22,520.0,520.0,513.0,516.5,14281176.0,00700
2025/05/23,517.0,520.5,512.0,518.0,16262610.0,00700
2025/05/26,515.0,517.0,508.0,510.0,17286567.0,00700
2025/05/27,508.5,514.5,507.0,512.0,14986877.0,00700
2025/05/28,513.0,515.0,502.5,506.0,16813826.0,00700
2025/05/29,508.0,512.0,503.5,510.5,19368449.0,00700
2025/05/30,506.0,506.5,496.0,498.2,28284004.0,00700
2025/06/02,493.0,499.2,489.6,498.4,13086586.0,00700
2025/06/03,504.0,505.5,501.0,505.0,14609189.0,00700
2025/06/04,510.0,513.0,507.0,512.0,18378499.0,00700
2025/06/05,517.5,517.5,509.0,515.0,19329282.0,00700
2025/06/06,515.5,516.5,511.0,515.0,13137101.0,00700
2025/06/09,520.0,521.0,512.5,518.0,18481403.0,00700
2025/06/10,519.5,520.0,508.5,513.5,17039003.0,00700
2025/06/11,517.0,518.0,514.5,518.0,14784979.0,00700
2025/06/12,518.0,518.0,508.0,510.0,13368048.0,00700
2025/06/13,510.5,515.5,506.0,510.0,19085310.0,00700
2025/06/16,507.0,512.0,504.5,509.5,13784320.0,00700
2025/06/17,514.0,514.0,506.5,513.5,11524031.0,00700
2025/06/18,510.0,511.0,503.5,508.0,15187515.0,00700
2025/06/19,503.0,506.0,496.0,498.0,19387767.0,00700
2025/06/20,504.5,505.5,496.0,505.5,20622275.0,00700
2025/06/23,498.2,504.0,494.6,504.0,14252887.0,00700
2025/06/24,508.0,511.0,504.0,509.5,17768858.0,00700
2025/06/25,512.0,515.0,508.0,512.5,17592461.0,00700
2025/06/26,512.0,513.0,507.5,513.0,15000643.0,00700
2025/06/27,512.0,514.5,510.0,513.0,15181667.0,00700
2025/06/30,509.0,511.5,503.0,503.0,18464531.0,00700
2025/07/02,508.0,508.5,500.0,501.5,18203168.0,00700
2025/07/03,500.0,503.5,493.8,501.0,18956331.0,00700
2025/07/04,493.0,501.5,493.0,496.8,14658173.0,00700
2025/07/07,495.2,502.0,494.0,502.0,11631687.0,00700
2025/07/08,505.0,505.0,500.0,504.5,13172857.0,00700
2025/07/09,504.0,504.0,495.0,497.6,17820435.0,00700
2025/07/10,497.6,499.6,494.2,496.6,14032556.0,00700
2025/07/11,497.0,505.0,496.6,496.6,19225560.0,00700
2025/07/14,497.0,501.5,496.0,500.0,11704663.0,00700
2025/07/15,502.5,518.0,500.0,517.5,27446891.0,00700
2025/07/16,520.0,526.0,516.0,516.5,23250693.0,00700
2025/07/17,519.5,519.5,511.0,517.0,13735794.0,00700
2025/07/18,525.0,525.0,516.5,519.0,13781113.0,00700
2025/07/21,522.5,522.5,514.5,521.5,13273287.0,00700
2025/07/22,521.5,526.0,519.0,526.0,17600260.0,00700
2025/07/23,530.0,552.0,527.0,552.0,46744850.0,00700
2025/07/24,553.5,560.0,548.0,557.0,24180342.0,00700
2025/07/25,552.0,555.0,546.0,550.5,19886923.0,00700
2025/07/28,550.5,558.0,546.5,555.5,14661199.0,00700
2025/07/29,551.5,556.5,546.0,555.0,16847424.0,00700
2025/07/30,550.0,556.0,542.5,549.0,19362555.0,00700
2025/07/31,547.0,559.0,545.0,550.0,20453269.0,00700
2025/08/01,551.5,554.5,533.5,535.0,21203861.0,00700
2025/08/04,536.0,551.5,533.0,550.0,17340007.0,00700
2025/08/05,554.5,559.0,549.0,559.0,17347823.0,00700
2025/08/06,560.0,570.0,558.0,568.5,20737133.0,00700
2025/08/07,571.0,572.0,560.5,567.0,16940382.0,00700
2025/08/08,567.0,568.5,557.5,561.0,13305719.0,00700
2025/08/11,561.0,562.5,553.5,561.0,11790350.0,00700
2025/08/12,557.5,564.5,556.0,559.5,13827897.0,00700
2025/08/13,568.0,586.0,566.0,586.0,37596415.0,00700
2025/08/14,600.0,600.0,589.0,590.0,36339315.0,00700
2025/08/15,587.0,596.5,584.5,592.0,22176876.0,00700
2025/08/18,594.0,596.0,587.0,587.0,17590658.0,00700
2025/08/19,588.0,597.0,583.0,592.5,16359474.0,00700
2025/08/20,589.0,594.5,585.5,590.5,15952765.0,00700
2025/08/21,590.5,597.0,589.5,593.0,14290178.0,00700
2025/08/22,599.0,606.5,595.5,600.0,19378950.0,00700
2025/08/25,608.5,621.0,608.0,614.5,25694519.0,00700
2025/08/26,612.0,618.0,609.5,609.5,20656474.0,00700
2025/08/27,613.0,614.5,595.0,599.0,21263402.0,00700
2025/08/28,595.0,599.0,590.0,594.0,21712370.0,00700
2025/08/29,595.5,605.0,594.0,596.5,18234935.0,00700
2025/09/01,605.0,610.0,601.5,605.0,15958837.0,00700
2025/09/02,605.5,608.5,599.0,600.5,14808157.0,00700
2025/09/03,606.5,613.0,596.0,598.5,15523985.0,00700
2025/09/04,605.0,605.0,591.0,592.5,18003934.0,00700
2025/09/05,599.5,609.0,595.5,605.5,19047729.0,00700
2025/09/08,605.5,619.0,605.0,617.5,21815489.0,00700
2025/09/09,620.0,628.0,617.5,627.0,19871460.0,00700
2025/09/10,630.0,639.0,628.0,633.5,19193376.0,00700
2025/09/11,633.0,633.0,624.0,629.5,18191860.0,00700
2025/09/12,645.0,649.0,642.0,643.5,20780375.0,00700
2025/09/15,646.0,648.5,637.5,643.5,16371242.0,00700
2025/09/16,647.0,649.5,640.5,645.0,13339685.0,00700
2025/09/17,646.5,663.5,645.0,661.5,22349048.0,00700
2025/09/18,662.0,664.5,635.5,642.0,29989898.0,00700
2025/09/19,647.0,647.0,638.0,642.5,20805608.0,00700
2025/09/22,642.0,643.5,634.0,641.0,12899662.0,00700
2025/09/23,641.5,643.5,627.0,635.5,15293080.0,00700
2025/09/24,633.5,651.0,628.0,648.5,18440788.0,00700
2025/09/25,651.0,659.0,643.5,650.0,17384258.0,00700
2025/09/26,645.0,653.0,640.0,644.0,19504951.0,00700
2025/09/29,649.5,664.5,647.5,660.0,20489556.0,00700
2025/09/30,658.0,666.5,657.5,663.0,20610633.0,00700
2025/10/02,667.5,683.0,665.5,676.5,17137745.0,00700
2025/10/03,677.0,680.0,670.0,673.5,7125093.0,00700
2025/10/06,675.0,682.5,670.0,677.5,7828323.0,00700
2025/10/08,680.0,680.0,669.5,675.0,10540730.0,00700
2025/10/09,675.0,681.0,665.5,675.5,14454705.0,00700
2025/10/10,669.0,669.0,647.5,651.5,19904705.0,00700
2025/10/13,630.0,648.5,622.5,639.0,38012175.0,00700
2025/10/14,642.5,644.0,617.0,621.0,26797863.0,00700
2025/10/15,624.5,633.0,620.5,627.0,18381023.0,00700
2025/10/16,626.0,629.0,615.5,620.0,14285465.0,00700
2025/10/17,618.5,620.5,602.5,608.0,18654519.0,00700
2025/10/20,624.0,632.5,621.5,627.5,14963360.0,00700
2025/10/21,643.0,644.0,630.0,630.5,14171988.0,00700
2025/10/22,626.0,629.0,616.5,623.5,9979448.0,00700
2025/10/23,620.0,636.0,618.0,633.0,12419348.0,00700
2025/10/24,639.0,641.5,633.5,637.5,11997034.0,00700
2025/10/27,649.0,656.0,646.0,656.0,16043970.0,00700
2025/10/28,656.0,656.0,641.0,645.0,16295470.0,00700
2025/10/30,657.0,664.0,645.0,651.0,21772780.0,00700
2025/10/31,651.5,655.0,629.0,629.0,20578283.0,00700
2025/11/03,630.5,634.0,622.5,628.0,11591004.0,00700
2025/11/04,631.0,640.0,625.5,629.0,14972125.0,00700
2025/11/05,621.0,632.0,613.0,629.0,13309811.0,00700
2025/11/06,629.5,645.5,629.5,644.0,13081287.0,00700
2025/11/07,638.0,643.0,628.5,634.0,13314360.0,00700
2025/11/10,641.0,651.0,641.0,649.5,14513815.0,00700
2025/11/11,662.0,662.0,641.0,650.0,13087772.0,00700
2025/11/12,655.0,658.5,652.0,657.0,13658568.0,00700
2025/11/13,649.5,660.0,645.0,656.0,17299913.0,00700
2025/11/14,645.0,659.0,640.0,641.0,19956444.0,00700
2025/11/17,640.0,642.5,633.0,636.5,13794477.0,00700
2025/11/18,628.0,641.0,620.5,623.5,18818609.0,00700
2025/11/19,627.5,631.5,619.5,622.5,13959708.0,00700
2025/11/20,626.5,630.5,615.5,621.0,14015988.0,00700
2025/11/21,610.0,615.0,606.0,610.0,23732050.0,00700
2025/11/24,615.0,627.5,613.5,624.5,22376801.0,00700
2025/11/25,633.0,635.0,620.5,625.0,14877620.0,00700
2025/11/26,628.5,630.0,618.0,619.5,14429595.0,00700
2025/11/27,618.0,620.5,609.0,611.5,15493209.0,00700
2025/11/28,611.5,617.0,608.5,611.5,13216245.0,00700
2025/12/01,613.5,623.0,613.0,619.5,12643338.0,00700
2025/12/02,625.5,626.0,615.0,617.0,11460186.0,00700
2025/12/03,616.0,616.0,608.5,611.0,11002158.0,00700
2025/12/04,610.0,613.0,605.0,612.0,15329748.0,00700
2025/12/05,605.0,611.0,604.0,610.0,14638391.0,00700
2025/12/08,607.5,609.5,604.0,605.0,13421327.0,00700
2025/12/09,609.5,610.0,596.0,602.5,17431321.0,00700
2025/12/10,602.0,603.0,595.0,603.0,14750743.0,00700
2025/12/11,609.0,612.0,599.0,601.5,12480887.0,00700
2025/12/12,608.0,616.0,601.5,616.0,17825495.0,00700
2025/12/15,606.0,608.5,602.0,603.0,15165502.0,00700
2025/12/16,602.5,603.0,592.0,596.5,15987678.0,00700
2025/12/17,597.0,606.0,594.5,605.0,14824785.0,00700
2025/12/18,601.0,606.0,599.0,605.0,10153604.0,00700
2025/12/19,610.0,617.5,607.0,614.0,17765762.0,00700
2025/12/22,620.0,621.5,610.0,614.5,13868060.0,00700
2025/12/23,613.5,614.5,601.5,602.0,15623392.0,00700
2025/12/24,598.0,604.5,598.0,603.0,7324553.0,00700
2025/12/29,606.0,611.0,596.0,596.5,18502650.0,00700
2025/12/30,598.5,601.0,594.0,600.0,13582535.0,00700
2025/12/31,597.5,602.5,596.0,599.0,10838209.0,00700
2026/01/02,600.5,624.5,600.5,623.0,16200058.0,00700
2026/01/05,624.0,628.0,615.5,624.5,19947025.0,00700
2026/01/06,627.0,638.5,626.0,632.5,24168431.0,00700
2026/01/07,627.5,629.5,615.0,624.5,21378622.0,00700
2026/01/08,618.5,621.0,610.0,616.0,18742539.0,00700
2026/01/09,616.0,617.0,610.0,611.0,17813669.0,00700
2026/01/12,616.0,627.5,613.5,623.0,27530129.0,00700
2026/01/13,637.0,639.0,622.5,627.5,24212695.0,00700
2026/01/14,634.0,638.5,626.0,633.0,28677291.0,00700
2026/01/15,631.0,632.5,618.5,622.0,26194252.0,00700
2026/01/16,627.0,630.0,613.5,617.5,20616793.0,00700
2026/01/19,613.5,614.5,608.5,610.0,13233330.0,00700
2026/01/20,601.0,607.0,598.0,601.0,24332228.0,00700
2026/01/21,598.0,606.0,598.0,602.5,16003431.0,00700
2026/01/22,604.5,605.5,596.0,597.5,27168713.0,00700
2026/01/23,597.5,602.0,595.0,595.0,19177660.0,00700
2026/01/26,595.0,605.0,594.0,599.5,17439619.0,00700
2026/01/27,600.0,610.5,598.5,607.0,23887447.0,00700
2026/01/28,613.0,623.0,610.5,621.0,25577066.0,00700
2026/01/29,614.5,625.0,612.5,622.0,22951530.0,00700
2026/01/30,615.0,619.5,605.5,606.0,21479886.0,00700
2024/05/27,75.9589,76.6809,74.9962,76.2958,39037400.0,09988
2024/05/28,76.2477,77.2104,75.9108,76.5847,32245775.0,09988
2024/05/29,75.5738,75.8626,73.2633,73.9372,67568273.0,09988
2024/05/30,73.5521,74.7074,73.0707,73.4558,46353905.0,09988
2024/05/31,74.5629,74.9962,72.108,72.108,148283968.0,09988
2024/06/03,73.6484,74.6111,73.6002,73.7928,73997961.0,09988
2024/06/04,73.167,73.9853,73.0707,73.5521,30437293.0,09988
2024/06/05,74.2741,75.4775,73.7446,74.0816,41354457.0,09988
2024/06/06,75.1887,75.5257,73.7928,74.226,39115156.0,09988
2024/06/07,75.1887,75.1887,74.0334,74.226,46037914.0,09988
2024/06/11,73.7446,74.1779,72.9263,73.6002,45378373.0,09988
2024/06/12,73.2765,73.965,72.8339,72.9322,34449076.0,09988
2024/06/13,74.0633,74.1125,72.4896,73.2765,51382442.0,09988
2024/06/14,72.5388,72.6863,71.0634,71.6044,61962416.0,09988
2024/06/17,70.67,71.8011,69.9815,71.3093,35419261.0,09988
2024/06/18,71.3093,72.1945,70.67,70.9159,34574126.0,09988
2024/06/19,71.7027,73.2273,71.0634,72.9814,31831878.0,09988
2024/06/20,72.7355,73.2273,72.0962,72.1945,24354943.0,09988
2024/06/21,71.2601,71.4569,70.3257,70.8175,57906313.0,09988
2024/06/24,69.8831,70.9159,69.8339,70.8667,32160122.0,09988
2024/06/25,71.0634,71.9978,70.9159,71.4569,27467171.0,09988
2024/06/26,70.5225,72.2437,70.5225,71.6536,29066186.0,09988
2024/06/27,70.8175,71.4077,70.0798,70.3749,37688869.0,09988
2024/06/28,69.4405,70.4241,69.3422,69.3422,39388456.0,09988
2024/07/02,68.6537,70.8175,68.6537,69.293,43280648.0,09988
2024/07/03,70.4733,71.5552,69.9323,71.0142,38913160.0,09988
2024/07/04,72.1945,72.7355,71.8011,71.9486,30491758.0,09988
2024/07/05,71.8995,72.588,71.5552,71.7027,30464780.0,09988
2024/07/08,70.8667,71.4569,70.2766,70.6208,41071018.0,09988
2024/07/09,70.0798,71.8011,70.0798,71.3093,33931545.0,09988
2024/07/10,72.4896,73.3748,71.8995,71.8995,35940892.0,09988
2024/07/11,72.7847,74.7518,72.588,74.2109,48693395.0,09988
2024/07/12,75.1453,77.4075,75.1453,77.1124,65804366.0,09988
2024/07/15,75.9321,76.6698,75.0961,75.3912,40320270.0,09988
2024/07/16,74.4568,74.7027,73.8666,74.26,33288019.0,09988
2024/07/17,74.7027,75.6862,74.5551,75.0469,43176485.0,09988
2024/07/18,74.3092,74.8502,73.8666,74.5551,35852222.0,09988
2024/07/19,73.3256,73.7191,72.2437,72.588,42933703.0,09988
2024/07/22,72.588,73.965,72.4896,73.5224,33903557.0,09988
2024/07/23,73.9158,73.965,72.7847,72.883,29397901.0,09988
2024/07/24,72.8339,73.6207,72.8339,72.9814,24392950.0,09988
2024/07/25,73.2765,73.3256,71.9978,72.0962,28685062.0,09988
2024/07/26,72.3912,72.6863,71.6044,71.8995,24685769.0,09988
2024/07/29,73.5715,76.0305,73.5224,75.2928,74410239.0,09988
2024/07/30,75.3912,75.6862,74.3584,74.9485,42711031.0,09988
2024/07/31,75.0469,77.0141,74.8502,76.0305,63322191.0,09988
2024/08/01,75.9321,76.719,75.5387,76.2272,38913402.0,09988
2024/08/02,74.7518,75.4895,73.6207,74.1125,36160705.0,09988
2024/08/05,72.9322,74.5551,71.6044,72.9814,49548357.0,09988
2024/08/06,74.1125,74.9485,73.965,74.0141,47939836.0,09988
2024/08/07,74.7518,76.2272,74.5059,75.2436,39385356.0,09988
2024/08/08,74.5059,76.9649,74.1125,75.2928,49320546.0,09988
2024/08/09,76.8173,77.6534,76.5714,76.5714,37944538.0,09988
2024/08/12,76.5714,77.555,75.9321,77.1616,36296039.0,09988
2024/08/13,77.3091,77.8501,76.719,77.3583,31992760.0,09988
2024/08/14,77.555,78.0468,76.7682,77.0141,35577408.0,09988
2024/08/15,76.3747,76.6698,74.26,75.1453,69314475.0,09988
2024/08/16,76.4731,79.3255,76.2764,78.7845,86304798.0,09988
2024/08/19,79.9648,81.2926,79.8664,80.1123,58682838.0,09988
2024/08/20,80.3582,80.4074,78.637,79.0796,42535840.0,09988
2024/08/21,77.1124,78.637,77.0141,78.637,51464907.0,09988
2024/08/22,79.7681,80.6041,78.637,80.309,40296293.0,09988
2024/08/23,80.309,81.4893,79.7681,81.2926,43575656.0,09988
2024/08/26,82.0303,82.5713,80.6041,81.9319,47740986.0,09988
2024/08/27,78.7353,79.0304,77.7026,78.637,85310659.0,09988
2024/08/28,78.5878,78.7845,77.3091,77.8009,38782872.0,09988
2024/08/29,76.2764,77.8009,76.0305,77.7517,42829550.0,09988
2024/08/30,77.4075,80.7025,77.1124,80.1123,109667309.0,09988
2024/09/02,80.014,80.1123,78.096,78.1944,53674093.0,09988
2024/09/03,78.3419,79.2271,77.7026,78.7845,27709377.0,09988
2024/09/04,78.096,79.0796,77.7026,78.7845,28553946.0,09988
2024/09/05,78.9812,79.5222,77.8993,78.4894,29214099.0,09988
2024/09/09,77.5058,78.096,76.3747,77.0141,79250807.0,09988
2024/09/10,78.6861,81.0959,78.6861,80.2599,206633087.0,09988
2024/09/11,80.2107,81.0467,78.8337,80.1123,83945417.0,09988
2024/09/12,81.1943,82.5221,80.9975,81.8336,83669607.0,09988
2024/09/13,82.1287,83.2598,80.8992,81.391,59196273.0,09988
2024/09/16,80.5058,80.9484,80.0631,80.6533,26558684.0,09988
2024/09/17,80.0631,81.7352,80.014,81.4893,30485324.0,09988
2024/09/19,81.4893,85.0794,81.1451,84.2925,109112014.0,09988
2024/09/20,84.5876,87.5383,83.9975,85.7679,122726621.0,09988
2024/09/23,85.4728,87.2433,85.1286,85.3253,69609537.0,09988
2024/09/24,87.6859,90.6858,86.6039,90.4891,141958511.0,09988
2024/09/25,93.4398,93.4398,89.1121,89.8006,159777709.0,09988
2024/09/26,90.9808,97.62,90.2923,96.1446,203287208.0,09988
2024/09/27,100.3248,103.1772,98.7511,100.8166,198337444.0,09988
2024/09/30,105.8329,110.9475,104.5542,108.1934,250502801.0,09988
2024/10/02,108.5869,116.7506,108.5869,113.2097,179685038.0,09988
2024/10/03,111.1442,111.1442,104.7509,108.1934,138390517.0,09988
2024/10/04,108.1934,112.4228,107.0131,112.0294,90914228.0,09988
2024/10/07,112.3245,114.9801,111.1442,112.7179,105041570.0,09988
2024/10/08,109.4721,109.9639,101.3084,102.7838,252168999.0,09988
2024/10/09,105.4394,105.9312,98.0134,101.21,177757025.0,09988
2024/10/10,103.2756,106.0296,102.6854,104.0624,104808386.0,09988
2024/10/14,105.2427,105.3411,101.0133,103.4723,79240625.0,09988
2024/10/15,103.4723,103.4723,97.1282,98.2101,113107803.0,09988
2024/10/16,96.8823,99.2429,96.243,97.3249,67551937.0,09988
2024/10/17,98.3577,101.0133,96.0954,96.8823,65933840.0,09988
2024/10/18,96.0463,100.8166,93.7349,98.8495,119104755.0,09988
2024/10/21,98.5544,99.1445,94.9643,96.1938,63514538.0,09988
2024/10/22,95.9971,97.079,94.5217,95.6528,48715559.0,09988
2024/10/23,94.8168,96.7348,94.5217,95.702,61919784.0,09988
2024/10/24,93.489,93.7349,91.9644,92.6038,76909887.0,09988
2024/10/25,93.4398,95.6037,93.0464,93.784,53441957.0,09988
2024/10/28,94.1283,96.784,93.489,95.0627,69415882.0,09988
2024/10/29,95.7512,97.5708,95.2594,95.9479,57004880.0,09988
2024/10/30,94.5709,95.5545,93.6365,94.2758,51472115.0,09988
2024/10/31,93.784,95.2102,92.9972,92.9972,47207811.0,09988
2024/11/01,94.1775,94.3742,92.5054,93.4398,38347683.0,09988
2024/11/04,94.0299,94.866,93.6365,94.4725,31007532.0,09988
2024/11/05,93.5381,97.0298,93.5381,96.784,50986901.0,09988
2024/11/06,94.9152,95.161,92.2103,92.8496,88756404.0,09988
2024/11/07,92.2595,94.5709,91.7185,94.0791,57481876.0,09988
2024/11/08,96.3905,97.8659,92.4562,92.4562,74794561.0,09988
2024/11/11,89.8497,95.161,88.5711,92.5546,103787086.0,09988
2024/11/12,92.112,93.4398,88.4727,89.0629,89444897.0,09988
2024/11/13,87.9809,89.4071,87.9809,89.0629,63573164.0,09988
2024/11/14,87.6859,88.9645,86.2105,86.5056,67262128.0,09988
2024/11/15,86.5548,87.2924,85.5712,85.7679,49182995.0,09988
2024/11/18,85.4236,85.7187,83.8991,84.8827,70101208.0,09988
2024/11/19,85.522,86.0138,83.309,83.8499,68824611.0,09988
2024/11/20,83.4073,83.8499,82.1287,83.3581,70389532.0,09988
2024/11/21,82.9647,83.5548,82.227,83.0139,45741828.0,09988
2024/11/22,82.227,82.6696,78.8829,79.3746,110110185.0,09988
2024/11/25,79.3746,81.4402,78.5878,80.6041,163133423.0,09988
2024/11/26,80.4566,83.0631,80.4566,81.9811,78159824.0,09988
2024/11/27,81.8336,84.2925,81.1451,83.604,56559911.0,09988
2024/11/28,82.9155,82.9647,81.391,82.0303,45005738.0,09988
2024/11/29,81.5385,83.4073,81.4893,82.2762,36163262.0,09988
2024/12/02,82.8663,84.2433,82.3746,82.6204,55668722.0,09988
2024/12/03,82.3254,83.4073,81.4893,83.0631,45041216.0,09988
2024/12/04,81.9811,82.8663,81.2434,82.6204,57896484.0,09988
2024/12/05,81.4402,81.7844,80.309,80.6041,66632997.0,09988
2024/12/06,80.85,83.309,80.4074,82.5713,73451040.0,09988
2024/12/09,81.391,85.8171,81.2926,85.4728,90092033.0,09988
2024/12/10,89.7514,89.8989,85.1286,85.1777,97398890.0,09988
2024/12/11,85.8662,86.2597,84.7351,84.7843,51946094.0,09988
2024/12/12,84.5384,87.2924,84.5384,86.5548,64845532.0,09988
2024/12/13,85.1286,86.0138,84.3417,84.3417,61023463.0,09988
2024/12/16,84.3417,84.4892,82.1287,82.9647,47958063.0,09988
2024/12/17,82.5221,82.7188,81.1943,82.0303,52558686.0,09988
2024/12/18,83.4565,83.4565,82.2762,82.6696,35976303.0,09988
2024/12/19,81.3418,82.0795,80.7025,81.5877,56263173.0,09988
2024/12/20,80.4566,80.8992,78.0468,78.7845,132887681.0,09988
2024/12/23,79.3746,80.014,78.5878,79.6697,57974855.0,09988
2024/12/24,80.9484,82.5713,80.8008,81.7844,46601344.0,09988
2024/12/27,81.6369,81.9811,80.014,80.9975,44013080.0,09988
2024/12/30,80.9975,81.5877,80.2107,80.6533,39010940.0,09988
2024/12/31,80.6533,82.1287,80.4566,81.0467,31449160.0,09988
2025/01/02,81.0467,81.3418,79.473,79.9648,48562393.0,09988
2025/01/03,81.7352,82.3746,80.6533,81.2434,57859265.0,09988
2025/01/06,81.7844,81.9811,80.5549,80.8008,36259231.0,09988
2025/01/07,80.8008,81.0959,79.1779,80.0631,57807719.0,09988
2025/01/08,80.2599,80.8992,79.0796,79.5714,51033856.0,09988
2025/01/09,79.5714,80.2599,79.1287,79.2763,38857402.0,09988
2025/01/10,79.5714,79.8664,78.1944,78.2927,49178401.0,09988
2025/01/13,77.2108,77.26,76.0797,76.8173,47082642.0,09988
2025/01/14,77.4567,79.0304,77.0632,78.637,62238203.0,09988
2025/01/15,77.8009,78.8337,77.8009,78.637,34729525.0,09988
2025/01/16,78.7845,80.1123,77.9485,79.1287,40303852.0,09988
2025/01/17,78.6861,79.4238,78.2927,79.4238,40613226.0,09988
2025/01/20,81.3418,84.686,81.0467,83.1614,92760400.0,09988
2025/01/21,84.3909,84.5384,82.5221,83.4073,45376591.0,09988
2025/01/22,81.9319,82.5221,80.309,80.85,50020729.0,09988
2025/01/23,82.4729,82.8663,81.1943,81.5385,35695244.0,09988
2025/01/24,82.3746,83.604,81.6369,83.3581,56000920.0,09988
2025/01/27,85.1777,86.5056,84.686,85.8171,77324541.0,09988
2025/01/28,87.0465,87.0465,86.2105,86.8498,28186080.0,09988
2025/02/03,91.03,92.5546,88.9153,92.4562,137951734.0,09988
2025/02/04,95.2102,96.3413,93.1939,96.0463,119029715.0,09988
2025/02/05,97.3741,98.0134,93.7349,95.9479,130268715.0,09988
2025/02/06,95.3578,97.2757,94.9152,96.9315,82663790.0,09988
2025/02/07,96.3905,99.2429,96.0954,98.3577,111035834.0,09988
2025/02/10,101.3084,104.7509,101.3084,103.7673,154940987.0,09988
2025/02/11,106.1279,106.8164,102.8821,103.1772,133001073.0,09988
2025/02/12,107.4066,112.0294,107.3082,111.931,215324934.0,09988
2025/02/13,113.308,122.2586,113.308,114.7834,336901993.0,09988
2025/02/14,114.9801,122.2586,114.8818,122.0619,267121701.0,09988
2025/02/17,122.8487,127.3732,116.8489,120.1931,293596265.0,09988
2025/02/18,119.9964,126.488,119.9964,124.2257,197776235.0,09988
2025/02/19,121.6684,123.3405,120.2914,122.0619,148288754.0,09988
2025/02/20,120.3898,121.5701,116.4555,118.9144,178330455.0,09988
2025/02/21,130.8157,137.3073,128.8486,136.2254,329402607.0,09988
2025/02/24,136.6188,138.586,132.0944,133.4714,222538792.0,09988
2025/02/25,123.0455,131.1108,122.9471,128.4551,234415866.0,09988
2025/02/26,130.1272,136.8155,129.8321,134.6517,197155020.0,09988
2025/02/27,135.2418,137.4057,131.0124,133.4714,180178311.0,09988
2025/02/28,131.4059,131.6026,125.0126,125.406,209019085.0,09988
2025/03/03,127.6683,132.2911,126.488,128.2584,164140645.0,09988
2025/03/04,124.5208,127.1765,122.4553,125.7011,133778504.0,09988
2025/03/05,126.2913,129.3403,124.5208,127.7666,132295744.0,09988
2025/03/06,135.7336,139.1761,135.0451,138.4876,198863431.0,09988
2025/03/07,135.5369,143.5038,134.9467,137.7007,250700100.0,09988
2025/03/10,134.9467,136.4221,131.4059,132.2911,179071477.0,09988
2025/03/11,125.7011,132.5861,125.6028,131.4059,157697693.0,09988
2025/03/12,135.7336,135.7336,129.7338,132.5861,124456918.0,09988
2025/03/13,131.6026,131.7009,126.9798,129.3403,101846984.0,09988
2025/03/14,132.2911,135.3402,130.619,133.5697,108673140.0,09988
2025/03/17,135.3402,136.7172,132.8812,133.2746,72542321.0,09988
2025/03/18,140.9465,141.1433,138.2909,141.0449,145909264.0,09988
2025/03/19,137.9958,139.963,137.3073,138.7827,83578664.0,09988
2025/03/20,137.7007,137.7007,132.8812,133.2746,113971960.0,09988
2025/03/21,131.4059,133.0779,128.2584,128.5535,143069660.0,09988
2025/03/24,129.8321,131.8976,128.2584,130.619,90778453.0,09988
2025/03/25,128.5535,129.9305,125.5044,125.6028,104041459.0,09988
2025/03/26,126.488,128.5535,125.8978,127.3732,57480050.0,09988
2025/03/27,127.2748,130.8157,126.1929,127.9633,63397449.0,09988
2025/03/28,129.8321,131.3075,126.8814,128.8486,66594496.0,09988
2025/03/31,126.6847,127.865,124.029,125.8978,78698386.0,09988
2025/04/01,126.9798,129.3403,126.783,127.6683,59194990.0,09988
2025/04/02,126.8814,129.8321,126.2913,127.865,61236236.0,09988
2025/04/03,120.4882,124.3241,119.5046,121.4717,165415092.0,09988
2025/04/07,106.2263,110.3573,98.3577,99.6363,392361045.0,09988
2025/04/08,103.9641,104.5542,95.9479,100.8166,291748687.0,09988
2025/04/09,95.8004,103.9641,94.1283,101.8986,251724654.0,09988
2025/04/10,106.2263,108.5869,102.6854,103.0788,239469665.0,09988
2025/04/11,101.3084,104.8493,99.833,101.3084,178687575.0,09988
2025/04/14,105.6361,108.0951,103.9641,106.423,166612582.0,09988
2025/04/15,109.9639,109.9639,106.8164,108.0951,103926447.0,09988
2025/04/16,105.2427,105.7345,102.292,103.669,116440525.0,09988
2025/04/17,103.3739,107.5049,102.7838,106.9148,113941562.0,09988
2025/04/22,106.6197,109.6688,105.4394,108.1934,118989644.0,09988
2025/04/23,114.4883,114.9801,112.0294,114.0949,142919552.0,09988
2025/04/24,113.7998,114.39,110.6524,111.931,91662927.0,09988
2025/04/25,114.2916,115.9637,113.013,113.7015,82127311.0,09988
2025/04/28,115.8653,115.8653,112.5212,113.308,67368966.0,09988
2025/04/29,113.7998,115.4719,112.3245,113.1113,63943734.0,09988
2025/04/30,114.4883,115.6686,112.7179,115.5703,68302501.0,09988
2025/05/02,117.2423,121.0783,116.1604,119.9964,72747697.0,09988
2025/05/06,120.4882,122.652,118.8161,121.7668,89828348.0,09988
2025/05/07,124.8159,125.7011,119.3079,119.3079,105915833.0,09988
2025/05/08,118.8161,121.6684,118.3243,119.5046,70065236.0,09988
2025/05/09,120.8816,122.3569,119.7996,121.5701,64212711.0,09988
2025/05/12,124.029,129.7338,122.8487,129.0453,163626351.0,09988
2025/05/13,128.8486,128.8486,123.5372,124.029,110675822.0,09988
2025/05/14,125.7011,128.6518,124.7175,128.2584,88967136.0,09988
2025/05/15,129.242,129.5371,125.7995,126.783,83762982.0,09988
2025/05/16,119.0128,122.1602,118.3243,121.3734,146404177.0,09988
2025/05/19,117.9309,118.8161,115.5703,117.2423,124103481.0,09988
2025/05/20,118.0292,120.5865,117.2423,119.7013,63599789.0,09988
2025/05/21,121.0783,121.6684,120.0947,121.0783,48764348.0,09988
2025/05/22,119.6029,119.7996,116.6522,117.144,77869662.0,09988
2025/05/23,117.0456,118.1276,115.767,116.8489,66708012.0,09988
2025/05/26,116.5538,117.6358,114.8818,114.9801,61541743.0,09988
2025/05/27,114.0949,116.2588,113.2097,116.0621,52883817.0,09988
2025/05/28,116.2588,116.5538,113.308,113.7998,68081387.0,09988
2025/05/29,113.4064,116.8489,113.4064,116.1604,74783592.0,09988
2025/05/30,113.2097,113.5048,110.9475,112.0294,204654182.0,09988
2025/06/02,110.1606,111.7343,107.9967,111.3409,73453819.0,09988
2025/06/03,111.3409,112.5212,111.0458,112.0294,59256715.0,09988
2025/06/04,111.3409,113.7015,110.7507,112.7179,73216251.0,09988
2025/06/05,115.9637,116.5538,115.2752,116.3571,77117941.0,09988
2025/06/06,116.3571,116.3571,113.7998,114.685,75163798.0,09988
2025/06/09,116.0621,118.3243,115.6686,117.3407,84322573.0,09988
2025/06/10,118.4226,118.521,115.6686,116.8489,54323007.0,09988
2025/06/11,118.6,119.0,117.9,118.4,50080516.0,09988
2025/06/12,115.7,116.3,114.3,114.6,82878015.0,09988
2025/06/13,112.8,114.1,110.6,112.0,122464076.0,09988
2025/06/16,111.1,113.8,110.3,112.9,73900525.0,09988
2025/06/17,114.3,115.5,113.9,114.8,59968684.0,09988
2025/06/18,114.1,114.1,111.4,112.2,55865417.0,09988
2025/06/19,111.6,111.9,109.6,110.0,55573686.0,09988
2025/06/20,111.0,111.7,110.0,111.7,106839365.0,09988
2025/06/23,110.0,111.1,108.6,110.8,68537835.0,09988
2025/06/24,112.1,113.6,111.6,112.7,66616313.0,09988
2025/06/25,115.0,116.2,113.6,115.5,79338255.0,09988
2025/06/26,113.0,113.3,112.1,112.2,86859946.0,09988
2025/06/27,112.6,113.5,111.4,112.1,75942306.0,09988
2025/06/30,111.5,112.0,109.8,109.8,90192013.0,09988
2025/07/02,111.7,112.0,108.7,109.4,88248907.0,09988
2025/07/03,108.8,109.6,105.2,106.2,155395466.0,09988
2025/07/04,105.2,106.4,103.1,105.1,106812953.0,09988
2025/07/07,104.0,105.6,102.3,105.4,81216305.0,09988
2025/07/08,104.7,107.6,104.2,107.0,81928731.0,09988
2025/07/09,106.1,106.3,102.7,102.9,134137844.0,09988
2025/07/10,102.0,103.8,101.8,103.2,98855593.0,09988
2025/07/11,103.3,106.9,103.3,105.1,115975182.0,09988
2025/07/14,104.4,106.7,104.4,106.1,65552727.0,09988
2025/07/15,106.5,113.7,106.5,113.5,195489816.0,09988
2025/07/16,115.7,117.7,113.5,113.8,144295161.0,09988
2025/07/17,113.4,115.0,112.1,112.5,74908706.0,09988
2025/07/18,115.3,116.3,114.4,115.8,83105716.0,09988
2025/07/21,118.8,118.8,117.0,117.9,95474095.0,09988
2025/07/22,117.7,118.2,116.0,118.0,63352702.0,09988
2025/07/23,119.0,122.0,117.7,120.9,119661760.0,09988
2025/07/24,120.9,121.8,119.9,120.3,77592812.0,09988
2025/07/25,119.1,119.3,117.5,118.0,63455940.0,09988
2025/07/28,119.5,121.7,118.9,120.6,69215231.0,09988
2025/07/29,119.2,121.0,118.1,120.7,59019387.0,09988
2025/07/30,117.7,119.6,117.1,117.1,88754280.0,09988
2025/07/31,116.0,118.0,114.3,115.7,97698587.0,09988
2025/08/01,117.8,119.3,116.7,116.9,75031091.0,09988
2025/08/04,115.5,116.7,114.7,116.2,50516068.0,09988
2025/08/05,116.1,116.3,114.6,116.0,52371110.0,09988
2025/08/06,115.6,119.2,115.1,116.7,73715023.0,09988
2025/08/07,119.1,119.8,117.9,119.2,66845112.0,09988
2025/08/08,118.6,118.6,116.1,116.3,60373207.0,09988
2025/08/11,118.0,119.0,116.9,118.5,43065055.0,09988
2025/08/12,116.8,117.5,116.1,116.6,55676119.0,09988
2025/08/13,120.0,123.8,119.2,123.7,150500459.0,09988
2025/08/14,124.8,125.2,121.0,121.8,83916791.0,09988
2025/08/15,119.3,119.8,117.8,118.1,110541625.0,09988
2025/08/18,118.3,120.8,118.3,118.6,76093381.0,09988
2025/08/19,118.4,119.7,117.9,118.3,55732895.0,09988
2025/08/20,117.2,118.0,116.1,117.5,62830049.0,09988
2025/08/21,117.3,117.6,115.0,115.7,66716053.0,09988
2025/08/22,115.5,118.3,115.3,118.0,73604857.0,09988
2025/08/25,120.4,126.0,120.4,124.5,162992103.0,09988
2025/08/26,122.0,123.9,121.1,121.3,90253630.0,09988
2025/08/27,121.3,124.3,121.0,121.5,114213258.0,09988
2025/08/28,119.1,119.3,115.6,115.8,171962832.0,09988
2025/08/29,116.8,119.0,115.7,115.7,110429482.0,09988
2025/09/01,133.0,138.0,133.0,137.1,404948185.0,09988
2025/09/02,139.9,139.9,134.7,134.7,166594096.0,09988
2025/09/03,136.5,137.8,133.0,134.1,104631522.0,09988
2025/09/04,134.3,134.8,128.5,129.8,148595855.0,09988
2025/09/05,128.5,133.0,128.1,131.8,127450276.0,09988
2025/09/08,133.2,138.0,133.1,137.3,147299900.0,09988
2025/09/09,138.6,142.8,138.0,141.9,181120225.0,09988
2025/09/10,144.7,147.9,142.6,142.8,181722198.0,09988
2025/09/11,140.9,146.5,139.1,143.3,174456621.0,09988
2025/09/12,151.7,153.8,150.1,151.1,170663495.0,09988
2025/09/15,150.4,156.8,150.1,154.6,146193613.0,09988
2025/09/16,154.0,156.8,152.5,153.5,111088746.0,09988
2025/09/17,157.7,162.3,156.7,161.6,156646724.0,09988
2025/09/18,162.1,164.8,156.3,158.4,209809246.0,09988
2025/09/19,158.9,162.8,156.6,159.1,138827373.0,09988
2025/09/22,157.6,161.5,157.3,159.2,103208970.0,09988
2025/09/23,160.0,163.1,156.7,159.4,119175251.0,09988
2025/09/24,158.5,174.9,157.6,174.0,261023658.0,09988
2025/09/25,174.0,177.8,171.1,172.0,172333447.0,09988
2025/09/26,168.4,171.9,165.0,166.5,152987253.0,09988
2025/09/29,166.9,174.3,166.9,173.4,134259119.0,09988
2025/09/30,176.6,178.0,173.7,177.0,135460219.0,09988
2025/10/02,179.7,185.0,179.1,183.1,96036992.0,09988
2025/10/03,185.0,186.2,183.3,185.1,56780997.0,09988
2025/10/06,181.8,183.8,179.8,180.5,49211980.0,09988
2025/10/08,178.1,178.3,173.5,177.6,75252197.0,09988
2025/10/09,179.0,179.0,171.5,173.3,158029622.0,09988
2025/10/10,169.1,170.3,164.8,165.4,186753966.0,09988
2025/10/13,159.0,163.6,156.1,162.6,282816644.0,09988
2025/10/14,164.8,166.1,154.0,155.6,201534774.0,09988
2025/10/15,158.7,162.7,156.1,161.6,111159729.0,09988
2025/10/16,162.6,164.2,158.6,161.2,73190193.0,09988
2025/10/17,161.0,161.0,153.0,154.4,133552318.0,09988
2025/10/20,162.1,162.9,160.0,161.9,98042110.0,09988
2025/10/21,167.5,169.0,164.8,165.1,110624314.0,09988
2025/10/22,162.7,163.6,160.0,161.9,67640668.0,09988
2025/10/23,161.9,165.5,159.1,164.6,86447894.0,09988
2025/10/24,168.0,169.3,166.6,168.3,84064278.0,09988
2025/10/27,174.8,175.0,172.1,173.6,96795907.0,09988
2025/10/28,174.0,174.2,169.5,171.0,78492657.0,09988
2025/10/30,173.4,174.8,169.0,172.1,112254088.0,09988
2025/10/31,169.8,170.6,165.1,165.1,97457096.0,09988
2025/11/03,164.9,166.3,161.5,163.2,74773287.0,09988
2025/11/04,164.0,164.0,158.1,159.0,89529769.0,09988
2025/11/05,156.6,159.3,154.2,158.5,94071358.0,09988
2025/11/06,160.8,165.3,159.9,165.0,83528391.0,09988
2025/11/07,163.2,163.2,158.9,160.1,66709927.0,09988
2025/11/10,162.8,164.2,160.4,163.4,57596575.0,09988
2025/11/11,161.5,162.4,158.6,160.4,73054852.0,09988
2025/11/12,157.1,158.4,155.2,156.8,96741580.0,09988
2025/11/13,153.9,166.0,153.3,162.0,155447392.0,09988
2025/11/14,156.5,158.4,154.5,154.9,101354219.0,09988
2025/11/17,152.3,158.0,152.1,154.9,113907864.0,09988
2025/11/18,153.2,158.4,153.2,154.6,102880519.0,09988
2025/11/19,155.8,157.9,155.1,156.4,71141046.0,09988
2025/11/20,158.3,159.8,154.0,154.8,65486765.0,09988
2025/11/21,150.0,150.6,146.9,147.6,141043093.0,09988
2025/11/24,147.8,156.3,147.8,154.5,199790253.0,09988
2025/11/25,159.0,160.5,153.4,157.8,147102629.0,09988
2025/11/26,154.0,158.0,153.4,154.8,110863259.0,09988
2025/11/27,154.0,154.9,150.1,150.6,103303822.0,09988
2025/11/28,151.8,153.2,151.0,151.5,66572166.0,09988
2025/12/01,153.0,156.9,152.0,154.9,93259220.0,09988
2025/12/02,160.1,160.1,156.3,157.0,74133971.0,09988
2025/12/03,155.8,156.6,153.1,153.6,54076752.0,09988
2025/12/04,153.1,155.1,152.5,154.4,57110210.0,09988
2025/12/05,153.2,155.1,152.6,155.0,78815068.0,09988
2025/12/08,155.0,155.5,152.8,153.4,75226835.0,09988
2025/12/09,155.1,156.8,150.4,150.9,69789164.0,09988
2025/12/10,150.5,153.4,149.6,153.2,61369895.0,09988
2025/12/11,155.0,155.5,150.5,150.6,59433982.0,09988
2025/12/12,152.7,154.1,150.8,154.1,88532981.0,09988
2025/12/15,150.8,151.7,148.5,148.6,94298860.0,09988
2025/12/16,146.9,147.0,141.6,144.2,118119058.0,09988
2025/12/17,144.2,147.3,143.1,146.0,60486179.0,09988
2025/12/18,143.1,144.9,142.9,144.1,47014025.0,09988
2025/12/19,145.0,146.7,144.2,145.3,70392591.0,09988
2025/12/22,146.0,148.5,145.0,146.4,58877432.0,09988
2025/12/23,146.7,148.0,146.4,147.2,47601549.0,09988
2025/12/24,147.0,148.1,145.1,146.0,28967695.0,09988
2025/12/29,147.1,148.5,143.3,143.3,62656820.0,09988
2025/12/30,143.3,145.7,143.2,144.5,60201594.0,09988
2025/12/31,143.7,143.8,142.4,142.8,35628222.0,09988
2026/01/02,143.2,149.7,142.9,149.0,48902470.0,09988
2026/01/05,151.1,153.8,150.0,152.8,102834720.0,09988
2026/01/06,150.9,153.2,150.5,150.8,112004139.0,09988
2026/01/07,147.1,147.8,143.5,145.9,149677478.0,09988
2026/01/08,143.6,144.9,141.0,142.6,107421412.0,09988
2026/01/09,148.0,149.5,145.9,146.5,115234256.0,09988
2026/01/12,146.9,154.6,146.0,154.3,164580300.0,09988
2026/01/13,162.0,164.0,157.4,159.9,153153842.0,09988
2026/01/14,163.8,169.8,162.1,169.0,244622843.0,09988
2026/01/15,168.9,170.1,163.1,164.6,133061563.0,09988
2026/01/16,167.9,168.7,165.0,166.2,79370877.0,09988
2026/01/19,162.0,162.5,160.1,160.4,72500898.0,09988
2026/01/20,159.8,162.2,158.6,159.7,55456218.0,09988
2026/01/21,158.3,164.9,158.3,163.2,67441221.0,09988
2026/01/22,166.0,166.5,162.8,164.8,59810988.0,09988
2026/01/23,171.2,172.0,168.3,168.5,93252549.0,09988
2026/01/26,169.5,170.2,164.5,165.2,67819829.0,09988
2026/01/27,166.8,169.9,164.9,169.9,73661350.0,09988
2026/01/28,170.5,173.8,168.6,173.5,102209414.0,09988
2026/01/29,171.1,174.2,170.3,173.3,67539478.0,09988
2026/01/30,170.0,170.7,167.0,169.2,75134065.0,09988
2024/05/27,18.2,18.5,17.82,18.44,111351692.0,01810
2024/05/28,18.4,18.54,18.02,18.14,81902009.0,01810
2024/05/29,18.02,18.08,17.66,17.78,101668386.0,01810
2024/05/30,17.78,18.06,17.46,17.7,105715211.0,01810
2024/05/31,18.0,18.1,17.38,17.48,136405438.0,01810
2024/06/03,17.56,18.14,17.56,17.9,106453297.0,01810
2024/06/04,17.68,17.92,17.68,17.78,75212318.0,01810
2024/06/05,17.84,18.08,17.62,17.7,73525775.0,01810
2024/06/06,17.82,18.4,17.82,17.96,120451138.0,01810
2024/06/07,18.06,18.2,17.22,17.62,201105124.0,01810
2024/06/11,17.18,17.34,17.02,17.32,150166213.0,01810
2024/06/12,17.22,17.34,17.04,17.14,84361187.0,01810
2024/06/13,17.28,17.62,17.22,17.56,82025721.0,01810
2024/06/14,17.36,17.52,17.22,17.3,86630442.0,01810
2024/06/17,17.2,17.64,17.06,17.32,62407200.0,01810
2024/06/18,17.38,17.56,17.26,17.38,46659965.0,01810
2024/06/19,17.48,18.5,17.44,18.48,158776789.0,01810
2024/06/20,18.5,18.72,18.3,18.52,90185310.0,01810
2024/06/21,18.28,18.4,17.84,18.18,87851069.0,01810
2024/06/24,17.96,18.08,17.56,18.02,69977040.0,01810
2024/06/25,18.08,18.14,17.62,17.78,58116612.0,01810
2024/06/26,17.58,17.94,17.54,17.82,44582518.0,01810
2024/06/27,17.54,17.68,16.34,16.54,245670671.0,01810
2024/06/28,16.38,16.78,16.36,16.48,94102995.0,01810
2024/07/02,16.5,16.74,16.36,16.66,62421619.0,01810
2024/07/03,16.66,17.08,16.66,16.9,68480845.0,01810
2024/07/04,17.16,17.22,16.76,16.84,47136649.0,01810
2024/07/05,16.92,16.98,16.48,16.62,50780567.0,01810
2024/07/08,16.62,16.76,16.36,16.46,54387650.0,01810
2024/07/09,16.4,16.58,16.06,16.4,83646140.0,01810
2024/07/10,16.36,16.56,16.04,16.12,81314076.0,01810
2024/07/11,16.26,16.76,16.2,16.68,69245590.0,01810
2024/07/12,16.86,16.98,16.54,16.84,84861492.0,01810
2024/07/15,16.84,17.06,16.4,16.46,75353380.0,01810
2024/07/16,16.24,16.4,16.14,16.34,66641300.0,01810
2024/07/17,16.48,16.94,16.26,16.78,71347036.0,01810
2024/07/18,16.68,17.04,16.6,16.84,69357199.0,01810
2024/07/19,16.6,16.76,16.36,16.52,70888406.0,01810
2024/07/22,16.56,17.32,16.54,17.22,117875122.0,01810
2024/07/23,17.3,17.44,16.86,16.96,64433875.0,01810
2024/07/24,16.94,17.04,16.32,16.54,91652264.0,01810
2024/07/25,16.4,16.48,16.12,16.2,72854684.0,01810
2024/07/26,16.32,16.62,16.32,16.36,64273609.0,01810
2024/07/29,16.62,17.1,16.56,16.82,82843861.0,01810
2024/07/30,16.7,16.8,16.22,16.32,75799866.0,01810
2024/07/31,16.4,17.06,16.26,16.84,93621817.0,01810
2024/08/01,16.78,16.9,16.5,16.68,50657487.0,01810
2024/08/02,16.36,16.38,15.86,16.08,132911168.0,01810
2024/08/05,15.74,16.06,15.36,15.86,137905794.0,01810
2024/08/06,16.0,16.12,15.64,15.82,74328521.0,01810
2024/08/07,15.78,16.08,15.76,15.9,51826337.0,01810
2024/08/08,15.74,16.04,15.58,15.84,57560855.0,01810
2024/08/09,16.12,16.52,16.02,16.4,104527148.0,01810
2024/08/12,16.38,16.64,16.32,16.46,49506251.0,01810
2024/08/13,16.52,16.96,16.44,16.9,89113360.0,01810
2024/08/14,16.98,16.98,16.74,16.86,42244264.0,01810
2024/08/15,16.68,17.3,16.6,17.22,94551112.0,01810
2024/08/16,17.24,17.42,17.14,17.32,71246541.0,01810
2024/08/19,17.5,18.04,17.48,17.62,123269250.0,01810
2024/08/20,17.96,17.96,17.28,17.68,79865450.0,01810
2024/08/21,17.32,17.52,17.1,17.52,98036616.0,01810
2024/08/22,18.5,19.24,18.38,19.1,434622724.0,01810
2024/08/23,19.0,19.14,18.68,18.82,123160023.0,01810
2024/08/26,19.0,19.0,18.52,18.72,85190286.0,01810
2024/08/27,18.58,18.9,18.44,18.88,88144342.0,01810
2024/08/28,18.8,19.02,18.62,18.96,76185975.0,01810
2024/08/29,18.68,18.9,18.42,18.88,69733894.0,01810
2024/08/30,18.88,19.7,18.82,19.5,177604614.0,01810
2024/09/02,19.3,19.56,18.98,19.06,81454069.0,01810
2024/09/03,19.06,19.32,18.9,19.18,66363685.0,01810
2024/09/04,18.82,18.86,18.44,18.66,106320627.0,01810
2024/09/05,18.64,18.82,18.32,18.54,94213782.0,01810
2024/09/09,18.3,18.62,18.24,18.62,149404091.0,01810
2024/09/10,18.62,18.7,18.18,18.66,81163590.0,01810
2024/09/11,18.34,19.06,18.34,18.96,74641703.0,01810
2024/09/12,19.02,19.3,18.84,18.92,69973131.0,01810
2024/09/13,18.96,19.44,18.92,19.22,73146752.0,01810
2024/09/16,18.98,19.3,18.94,19.24,27267287.0,01810
2024/09/17,19.2,19.58,19.14,19.52,44239073.0,01810
2024/09/19,19.46,19.98,19.28,19.8,127470344.0,01810
2024/09/20,19.8,20.2,19.72,19.88,134110539.0,01810
2024/09/23,19.88,20.8,19.84,20.55,196007468.0,01810
2024/09/24,20.9,21.45,20.8,21.2,231382970.0,01810
2024/09/25,21.85,21.85,20.4,20.55,295113558.0,01810
2024/09/26,20.85,21.5,20.35,21.5,277149964.0,01810
2024/09/27,21.8,22.45,21.15,21.95,347881602.0,01810
2024/09/30,22.7,22.95,21.95,22.5,336102598.0,01810
2024/10/02,22.5,24.65,22.5,24.0,251108945.0,01810
2024/10/03,24.05,24.4,23.2,24.05,190305304.0,01810
2024/10/04,23.9,24.75,23.6,24.55,149949209.0,01810
2024/10/07,24.9,26.15,24.7,25.85,218062756.0,01810
2024/10/08,25.9,26.2,23.4,23.7,453596652.0,01810
2024/10/09,23.95,24.45,22.55,23.3,311173505.0,01810
2024/10/10,23.8,24.45,23.6,23.75,168957063.0,01810
2024/10/14,23.7,23.7,22.5,23.6,179121230.0,01810
2024/10/15,23.6,24.05,22.7,23.0,154001004.0,01810
2024/10/16,22.6,23.2,22.5,22.7,99985996.0,01810
2024/10/17,23.1,23.75,23.0,23.1,126553025.0,01810
2024/10/18,23.3,24.8,23.3,24.55,198754528.0,01810
2024/10/21,24.75,25.35,24.2,24.25,164914336.0,01810
2024/10/22,24.25,24.8,24.1,24.45,91419386.0,01810
2024/10/23,24.35,25.9,24.3,25.55,188180918.0,01810
2024/10/24,25.25,25.65,25.15,25.25,108534234.0,01810
2024/10/25,25.45,26.5,25.45,25.95,184518253.0,01810
2024/10/28,26.3,26.4,25.3,25.5,165990392.0,01810
2024/10/29,25.9,26.15,25.25,25.85,130524256.0,01810
2024/10/30,25.6,26.4,25.35,26.0,164014844.0,01810
2024/10/31,26.0,27.3,25.95,26.7,199192208.0,01810
2024/11/01,27.0,27.45,26.55,27.3,198123879.0,01810
2024/11/04,27.5,28.0,27.1,27.3,146030485.0,01810
2024/11/05,27.0,28.35,27.0,28.2,143702336.0,01810
2024/11/06,28.1,28.35,27.0,27.6,179735496.0,01810
2024/11/07,27.1,28.1,26.6,27.85,201079990.0,01810
2024/11/08,28.0,29.25,27.95,28.3,220119217.0,01810
2024/11/11,27.75,29.7,27.65,29.3,261301204.0,01810
2024/11/12,29.4,29.6,28.25,28.45,185336411.0,01810
2024/11/13,28.0,29.0,27.65,28.9,145984202.0,01810
2024/11/14,28.5,29.0,27.35,27.85,155298014.0,01810
2024/11/15,28.15,28.65,27.75,28.0,117132035.0,01810
2024/11/18,28.5,29.05,27.6,28.8,162095850.0,01810
2024/11/19,29.15,29.35,27.5,28.3,209931014.0,01810
2024/11/20,27.9,28.15,27.4,28.0,113721056.0,01810
2024/11/21,27.9,28.75,27.75,28.15,102041844.0,01810
2024/11/22,28.25,29.85,28.0,28.55,254978108.0,01810
2024/11/25,29.1,29.3,27.7,28.4,188253473.0,01810
2024/11/26,28.0,28.35,26.9,27.2,175996227.0,01810
2024/11/27,27.1,28.4,26.8,28.3,161187829.0,01810
2024/11/28,28.0,28.65,27.7,27.85,100416130.0,01810
2024/11/29,27.85,28.25,27.25,27.75,116296536.0,01810
2024/12/02,28.25,28.75,27.9,28.55,130374633.0,01810
2024/12/03,28.85,29.45,28.55,29.1,169130914.0,01810
2024/12/04,29.4,29.55,28.85,29.1,112163595.0,01810
2024/12/05,28.95,29.6,28.8,29.45,106667106.0,01810
2024/12/06,29.5,29.95,29.25,29.9,189456485.0,01810
2024/12/09,29.95,31.0,29.45,30.95,223798144.0,01810
2024/12/10,32.15,32.15,30.8,30.95,193229427.0,01810
2024/12/11,31.45,31.5,30.2,30.45,123085951.0,01810
2024/12/12,30.65,31.8,30.45,31.6,145098808.0,01810
2024/12/13,31.4,32.15,31.05,31.35,157878633.0,01810
2024/12/16,31.5,31.65,30.05,30.35,140659846.0,01810
2024/12/17,30.55,30.75,29.6,29.95,133233564.0,01810
2024/12/18,30.45,30.9,30.05,30.8,86680411.0,01810
2024/12/19,30.2,31.05,30.0,30.8,85886142.0,01810
2024/12/20,30.7,32.1,30.7,31.65,204413958.0,01810
2024/12/23,32.0,32.25,31.45,31.75,97720054.0,01810
2024/12/24,31.85,32.9,31.55,32.75,107767035.0,01810
2024/12/27,33.5,34.95,33.35,34.15,263910660.0,01810
2024/12/30,34.65,34.95,33.7,34.45,156035423.0,01810
2024/12/31,34.45,34.8,34.05,34.5,57271083.0,01810
2025/01/02,34.8,34.8,33.4,34.0,182385452.0,01810
2025/01/03,34.45,36.3,34.0,36.25,338723918.0,01810
2025/01/06,35.9,36.85,35.65,36.3,166161841.0,01810
2025/01/07,36.05,36.1,32.75,34.15,432841993.0,01810
2025/01/08,33.7,34.15,32.2,32.8,298899129.0,01810
2025/01/09,32.7,34.3,32.65,33.75,171639459.0,01810
2025/01/10,33.75,34.5,33.4,33.55,122895840.0,01810
2025/01/13,33.2,33.5,32.3,32.8,126426992.0,01810
2025/01/14,32.75,34.15,32.75,33.75,122182323.0,01810
2025/01/15,33.75,34.0,33.35,33.6,79201609.0,01810
2025/01/16,34.1,34.8,33.55,34.35,137814016.0,01810
2025/01/17,34.4,35.0,34.1,34.95,94838569.0,01810
2025/01/20,35.65,35.8,34.3,34.7,166721242.0,01810
2025/01/21,35.0,36.1,34.75,35.9,136275839.0,01810
2025/01/22,36.0,36.2,35.2,35.3,106122696.0,01810
2025/01/23,35.7,35.75,34.25,34.5,124771415.0,01810
2025/01/24,34.75,37.3,34.5,36.85,288470060.0,01810
2025/01/27,37.65,37.65,36.55,37.1,154106703.0,01810
2025/01/28,37.85,38.45,37.55,38.3,84927933.0,01810
2025/02/03,38.9,39.2,37.2,37.95,143592266.0,01810
2025/02/04,38.7,40.1,38.5,39.55,141166344.0,01810
2025/02/05,39.95,39.95,38.7,39.65,165406601.0,01810
2025/02/06,39.8,40.7,39.4,40.55,174418873.0,01810
2025/02/07,40.7,43.05,40.55,42.45,282921470.0,01810
2025/02/10,42.7,43.95,42.15,43.75,178623301.0,01810
2025/02/11,44.0,44.3,42.25,42.55,210014328.0,01810
2025/02/12,43.9,44.55,42.65,44.1,196220080.0,01810
2025/02/13,43.9,44.6,41.2,41.65,382423053.0,01810
2025/02/14,42.4,44.9,42.05,44.7,349956076.0,01810
2025/02/17,45.0,45.45,43.55,45.15,273310085.0,01810
2025/02/18,45.15,48.4,44.7,48.4,325734161.0,01810
2025/02/19,48.0,49.5,47.0,49.45,243337561.0,01810
2025/02/20,49.45,50.9,48.0,49.15,275542159.0,01810
2025/02/21,50.05,51.95,49.7,51.7,308362585.0,01810
2025/02/24,52.2,52.35,51.05,51.6,208345620.0,01810
2025/02/25,49.8,53.9,49.8,53.2,332349383.0,01810
2025/02/26,54.25,56.8,53.1,56.3,395453828.0,01810
2025/02/27,56.6,58.7,51.4,53.1,842011809.0,01810
2025/02/28,55.75,55.75,50.65,51.85,667093154.0,01810
2025/03/03,52.9,53.0,49.55,50.95,466253103.0,01810
2025/03/04,49.05,51.6,48.65,50.55,338725813.0,01810
2025/03/05,52.0,54.2,51.3,54.2,337625486.0,01810
2025/03/06,55.3,56.3,53.85,54.9,375438239.0,01810
2025/03/07,54.6,55.5,53.1,54.35,355629253.0,01810
2025/03/10,54.0,54.5,52.35,52.85,223961425.0,01810
2025/03/11,50.85,54.0,50.7,53.9,223343033.0,01810
2025/03/12,53.85,54.7,51.5,52.05,241938609.0,01810
2025/03/13,52.05,53.4,51.6,52.85,187000372.0,01810
2025/03/14,53.0,54.6,52.55,53.85,229901198.0,01810
2025/03/17,54.35,55.8,53.3,55.8,221496225.0,01810
2025/03/18,56.75,57.95,56.15,57.65,258147732.0,01810
2025/03/19,57.0,59.45,56.4,58.2,371387356.0,01810
2025/03/20,58.0,58.65,56.1,56.5,254323500.0,01810
2025/03/21,56.6,56.85,54.05,54.7,271392247.0,01810
2025/03/24,55.25,57.1,54.9,57.0,206959960.0,01810
2025/03/25,53.85,55.0,53.25,53.4,1341045814.0,01810
2025/03/26,53.5,54.3,53.5,53.95,180066074.0,01810
2025/03/27,53.9,54.05,51.4,51.7,359693846.0,01810
2025/03/28,51.0,52.15,49.6,51.05,369242633.0,01810
2025/03/31,50.15,50.7,48.45,49.2,342788934.0,01810
2025/04/01,49.4,50.0,46.1,46.5,590405454.0,01810
2025/04/02,46.0,47.5,44.4,44.55,635758232.0,01810
2025/04/03,43.8,46.6,43.45,45.9,449295312.0,01810
2025/04/07,40.2,43.25,36.05,36.45,1037869822.0,01810
2025/04/08,38.55,39.85,37.45,38.9,715006887.0,01810
2025/04/09,37.8,42.4,36.6,41.9,679302084.0,01810
2025/04/10,44.8,45.0,42.6,43.05,526260423.0,01810
2025/04/11,42.75,45.45,42.15,44.25,357167818.0,01810
2025/04/14,45.2,45.45,42.25,43.2,422983277.0,01810
2025/04/15,43.75,43.85,42.05,43.1,164977321.0,01810
2025/04/16,42.5,42.95,40.2,41.25,315328932.0,01810
2025/04/17,41.25,42.25,40.5,41.95,190654146.0,01810
2025/04/22,42.45,44.7,42.2,44.4,280722543.0,01810
2025/04/23,46.75,47.95,45.7,47.45,365404799.0,01810
2025/04/24,48.0,48.7,46.95,48.2,238445758.0,01810
2025/04/25,48.55,48.65,47.05,47.7,166617135.0,01810
2025/04/28,48.0,48.35,47.2,47.5,90590615.0,01810
2025/04/29,47.95,47.95,47.0,47.45,101336853.0,01810
2025/04/30,47.25,50.0,46.8,49.95,241882505.0,01810
2025/05/02,50.5,53.1,50.0,53.1,140470309.0,01810
2025/05/06,53.1,53.15,51.4,51.55,187805038.0,01810
2025/05/07,52.6,53.5,50.05,50.1,236141700.0,01810
2025/05/08,49.8,51.9,49.65,50.8,154551212.0,01810
2025/05/09,51.1,51.45,50.25,51.35,99875196.0,01810
2025/05/12,51.45,51.45,48.4,50.6,356285408.0,01810
2025/05/13,50.8,50.8,48.2,48.65,220529075.0,01810
2025/05/14,49.15,50.45,48.65,50.4,174012139.0,01810
2025/05/15,50.4,51.9,49.7,50.15,155216057.0,01810
2025/05/16,50.0,51.3,49.8,51.0,121417523.0,01810
2025/05/19,50.3,52.45,49.0,52.35,217541110.0,01810
2025/05/20,53.0,54.8,52.8,54.8,228019851.0,01810
2025/05/21,54.95,55.7,53.7,54.45,189822108.0,01810
2025/05/22,54.7,55.0,52.85,53.2,199909799.0,01810
2025/05/23,53.2,53.9,51.95,53.0,154706274.0,01810
2025/05/26,52.6,52.8,51.05,51.3,146415432.0,01810
2025/05/27,51.0,52.1,50.5,51.55,125291611.0,01810
2025/05/28,52.75,53.3,51.5,51.75,202977342.0,01810
2025/05/29,51.75,52.45,51.05,51.7,141573959.0,01810
2025/05/30,51.0,51.35,49.8,50.95,206927837.0,01810
2025/06/02,50.0,51.9,49.6,51.6,90313999.0,01810
2025/06/03,52.2,53.3,51.65,53.2,166500674.0,01810
2025/06/04,53.5,54.7,52.85,53.45,176765410.0,01810
2025/06/05,54.0,54.25,53.3,54.25,130837735.0,01810
2025/06/06,54.5,54.5,52.8,53.1,125424396.0,01810
2025/06/09,53.7,54.25,52.85,54.15,122376420.0,01810
2025/06/10,54.7,54.7,52.85,53.45,115707297.0,01810
2025/06/11,53.45,54.8,53.35,54.1,147412093.0,01810
2025/06/12,53.5,53.95,52.05,52.2,142552461.0,01810
2025/06/13,51.9,52.0,50.8,51.95,176077650.0,01810
2025/06/16,51.95,54.5,51.5,54.15,220357669.0,01810
2025/06/17,54.2,54.5,53.6,54.0,71275572.0,01810
2025/06/18,53.75,54.2,53.45,53.8,64270680.0,01810
2025/06/19,53.6,54.1,52.7,53.05,92603544.0,01810
2025/06/20,53.25,54.05,53.0,54.05,88197055.0,01810
2025/06/23,54.0,54.95,53.15,54.85,138863960.0,01810
2025/06/24,55.2,57.2,55.15,56.9,222470141.0,01810
2025/06/25,57.45,57.45,56.4,56.65,146460085.0,01810
2025/06/26,57.15,57.2,56.05,56.9,126954433.0,01810
2025/06/27,61.45,61.45,58.2,58.95,481216668.0,01810
2025/06/30,59.5,60.0,57.5,59.95,260498936.0,01810
2025/07/02,60.4,60.45,59.6,60.15,140611857.0,01810
2025/07/03,59.75,60.05,57.05,58.1,234219003.0,01810
2025/07/04,57.5,58.2,56.6,57.5,132200659.0,01810
2025/07/07,56.9,57.4,56.4,57.3,81234333.0,01810
2025/07/08,57.4,58.95,57.25,58.65,101372801.0,01810
2025/07/09,58.2,58.8,57.1,57.4,100963784.0,01810
2025/07/10,57.5,57.75,56.7,56.9,96327664.0,01810
2025/07/11,57.5,58.2,57.25,57.35,88544316.0,01810
2025/07/14,57.5,57.8,56.8,57.3,73284998.0,01810
2025/07/15,57.3,58.3,56.55,57.65,125984834.0,01810
2025/07/16,58.2,58.4,57.0,57.3,103019857.0,01810
2025/07/17,57.1,57.25,55.8,56.15,165115655.0,01810
2025/07/18,56.5,57.0,55.85,57.0,96759733.0,01810
2025/07/21,56.4,58.4,56.4,57.75,124108750.0,01810
2025/07/22,57.9,58.15,57.5,57.95,69281026.0,01810
2025/07/23,58.35,58.45,57.65,58.4,109878070.0,01810
2025/07/24,58.25,58.75,58.0,58.45,83030716.0,01810
2025/07/25,58.4,58.4,57.05,57.4,115972199.0,01810
2025/07/28,57.3,57.4,56.55,56.8,111282561.0,01810
2025/07/29,56.65,56.7,54.5,55.3,244366193.0,01810
2025/07/30,55.0,55.65,54.55,54.75,134783729.0,01810
2025/07/31,54.3,54.65,53.05,53.15,192541289.0,01810
2025/08/01,52.8,54.2,52.5,53.4,125345524.0,01810
2025/08/04,53.4,54.8,53.35,54.55,98427945.0,01810
2025/08/05,54.65,55.35,54.1,54.3,93018842.0,01810
2025/08/06,54.15,54.25,53.65,54.0,60265442.0,01810
2025/08/07,52.15,52.8,51.2,51.85,314366077.0,01810
2025/08/08,51.4,51.9,51.15,51.25,137470985.0,01810
2025/08/11,51.05,51.45,50.65,50.8,126045702.0,01810
2025/08/12,50.55,52.1,50.1,51.7,143542082.0,01810
2025/08/13,52.3,53.3,51.75,53.25,153181037.0,01810
2025/08/14,53.95,53.95,52.75,53.2,108675681.0,01810
2025/08/15,52.6,53.0,52.2,52.85,109819085.0,01810
2025/08/18,52.75,53.8,52.3,53.05,116003641.0,01810
2025/08/19,53.5,53.55,52.2,52.4,113367681.0,01810
2025/08/20,51.2,53.0,51.05,52.55,158096364.0,01810
2025/08/21,52.55,52.55,51.1,51.35,146082650.0,01810
2025/08/22,52.0,52.8,51.55,52.55,136883366.0,01810
2025/08/25,53.0,53.9,52.5,53.5,177494474.0,01810
2025/08/26,53.5,53.9,53.05,53.5,99660025.0,01810
2025/08/27,53.9,54.65,52.95,53.2,142623874.0,01810
2025/08/28,53.2,53.45,52.1,53.1,122487011.0,01810
2025/08/29,52.9,53.9,52.3,52.85,124328553.0,01810
2025/09/01,53.7,54.35,53.45,54.0,150727171.0,01810
2025/09/02,54.05,56.65,53.5,55.85,258956888.0,01810
2025/09/03,56.95,56.95,54.5,54.7,135032978.0,01810
2025/09/04,55.1,55.3,53.3,53.45,105461452.0,01810
2025/09/05,54.0,54.0,52.95,53.65,106533001.0,01810
2025/09/08,53.8,54.9,53.35,54.75,104793576.0,01810
2025/09/09,54.4,56.2,53.8,56.2,173784267.0,01810
2025/09/10,56.05,56.35,54.8,54.95,141897510.0,01810
2025/09/11,54.6,55.05,53.55,54.65,120401766.0,01810
2025/09/12,55.3,55.65,54.5,55.15,137019643.0,01810
2025/09/15,55.3,56.5,54.9,56.2,127441311.0,01810
2025/09/16,56.5,57.0,56.15,56.45,107755148.0,01810
2025/09/17,56.85,57.95,56.65,57.85,172994425.0,01810
2025/09/18,57.3,58.4,55.8,56.85,182477097.0,01810
2025/09/19,57.4,57.4,55.7,56.7,174859789.0,01810
2025/09/22,56.25,56.65,55.6,56.1,108494957.0,01810
2025/09/23,56.35,56.4,55.0,55.45,84350249.0,01810
2025/09/24,55.45,57.1,55.05,56.9,118307200.0,01810
2025/09/25,56.9,59.9,56.7,59.45,328411483.0,01810
2025/09/26,59.0,59.0,54.3,54.65,415512054.0,01810
2025/09/29,55.5,55.95,52.7,53.55,332142837.0,01810
2025/09/30,54.0,54.4,53.2,54.0,211943325.0,01810
2025/10/02,54.15,56.5,54.15,55.8,101931615.0,01810
2025/10/03,55.8,56.55,54.6,55.0,62150942.0,01810
2025/10/06,54.5,54.8,53.6,53.85,52592486.0,01810
2025/10/08,53.85,54.15,53.05,53.85,84169990.0,01810
2025/10/09,54.05,54.7,53.2,53.35,127345006.0,01810
2025/10/10,52.8,52.95,51.7,52.05,168448674.0,01810
2025/10/13,49.7,50.9,47.5,49.08,488936850.0,01810
2025/10/14,49.26,50.45,48.22,48.62,219783395.0,01810
2025/10/15,49.46,49.86,48.96,49.48,119162669.0,01810
2025/10/16,49.66,49.7,47.32,47.7,248814161.0,01810
2025/10/17,47.54,47.88,45.74,45.96,264728170.0,01810
2025/10/20,46.98,47.68,46.62,47.14,139718028.0,01810
2025/10/21,48.14,48.14,46.3,46.46,164163711.0,01810
2025/10/22,46.0,46.74,45.7,46.34,121391262.0,01810
2025/10/23,46.02,47.08,45.7,46.74,106829656.0,01810
2025/10/24,47.1,47.4,45.74,45.92,170946122.0,01810
2025/10/27,45.72,46.0,43.88,45.8,282836746.0,01810
2025/10/28,45.4,45.48,44.3,44.92,184222833.0,01810
2025/10/30,44.56,45.0,43.5,44.16,246926143.0,01810
2025/10/31,43.6,44.04,43.2,43.2,139914873.0,01810
2025/11/03,43.8,45.08,43.8,44.72,210374637.0,01810
2025/11/04,44.72,44.9,43.28,43.42,136346196.0,01810
2025/11/05,42.6,43.32,42.16,43.32,127723032.0,01810
2025/11/06,43.62,43.7,42.92,43.44,122167159.0,01810
2025/11/07,43.2,43.2,41.92,42.24,175915458.0,01810
2025/11/10,42.24,42.86,41.68,42.36,163981822.0,01810
2025/11/11,42.64,43.42,42.36,42.98,152392565.0,01810
2025/11/12,43.4,44.62,42.86,43.7,219603402.0,01810
2025/11/13,43.76,44.24,42.9,43.5,158595312.0,01810
2025/11/14,42.6,42.86,42.28,42.36,139429210.0,01810
2025/11/17,42.4,42.78,41.7,41.96,131317369.0,01810
2025/11/18,41.78,41.78,40.52,40.78,214473888.0,01810
2025/11/19,40.0,40.98,38.22,38.82,480542429.0,01810
2025/11/20,38.8,38.86,37.3,37.7,348136827.0,01810
2025/11/21,36.8,38.9,36.62,38.08,417607492.0,01810
2025/11/24,38.8,38.94,37.76,38.66,236144311.0,01810
2025/11/25,39.8,41.1,39.58,40.34,317034207.0,01810
2025/11/26,40.58,41.12,39.9,40.1,200500143.0,01810
2025/11/27,40.24,41.8,40.22,41.1,209296970.0,01810
2025/11/28,41.18,41.2,40.62,41.02,85614446.0,01810
2025/12/01,41.24,41.28,39.84,40.3,195409729.0,01810
2025/12/02,40.54,41.3,40.08,40.7,140246380.0,01810
2025/12/03,40.7,40.94,40.1,40.22,107270957.0,01810
2025/12/04,40.34,42.16,40.18,41.98,186514763.0,01810
2025/12/05,41.7,43.18,41.3,42.78,274587981.0,01810
2025/12/08,42.92,43.64,42.02,42.58,242628730.0,01810
2025/12/09,42.48,42.88,41.02,41.26,182989838.0,01810
2025/12/10,41.32,41.94,40.86,41.78,113257196.0,01810
2025/12/11,41.78,42.46,41.6,42.18,123140679.0,01810
2025/12/12,42.66,43.6,42.18,42.96,243323268.0,01810
2025/12/15,42.3,42.6,41.72,41.84,132614562.0,01810
2025/12/16,41.3,41.5,40.3,40.9,145947185.0,01810
2025/12/17,41.28,41.46,40.4,41.22,101356700.0,01810
2025/12/18,40.38,40.44,39.9,40.2,128195819.0,01810
2025/12/19,40.44,40.64,39.9,40.54,108587118.0,01810
2025/12/22,40.38,40.62,39.5,39.8,165917014.0,01810
2025/12/23,39.7,39.76,39.06,39.2,127074303.0,01810
2025/12/24,39.1,39.46,39.06,39.22,41922197.0,01810
2025/12/29,38.68,39.96,37.94,38.58,195594721.0,01810
2025/12/30,38.58,39.72,38.46,39.36,107157354.0,01810
2025/12/31,39.7,39.82,39.0,39.3,53804989.0,01810
2026/01/02,39.4,40.5,39.22,40.28,61202300.0,01810
2026/01/05,40.6,40.6,39.14,39.34,159063197.0,01810
2026/01/06,39.22,39.4,38.74,38.76,196715183.0,01810
2026/01/07,38.76,39.2,38.02,38.16,190926334.0,01810
2026/01/08,38.0,38.18,37.3,38.02,173278787.0,01810
2026/01/09,38.08,38.5,37.64,37.82,124268815.0,01810
2026/01/12,37.74,38.76,37.18,38.74,213876786.0,01810
2026/01/13,39.28,39.48,37.88,37.98,209118651.0,01810
2026/01/14,37.98,38.48,37.58,37.78,176626667.0,01810
2026/01/15,37.78,38.24,37.36,37.86,116208908.0,01810
2026/01/16,38.0,38.36,37.0,37.1,197999131.0,01810
2026/01/19,36.62,36.82,36.22,36.48,182457077.0,01810
2026/01/20,36.02,36.64,35.44,35.48,224571684.0,01810
2026/01/21,35.1,35.74,34.5,35.42,266881560.0,01810
2026/01/22,35.74,35.8,34.72,35.24,134701337.0,01810
2026/01/23,35.5,36.44,35.5,36.24,178365582.0,01810
2026/01/26,36.36,36.36,35.02,35.22,156493519.0,01810
2026/01/27,35.24,35.76,35.0,35.56,113268822.0,01810
2026/01/28,35.56,36.32,35.38,36.32,149736767.0,01810
2026/01/29,35.96,37.5,35.62,36.62,181865895.0,01810
2026/01/30,36.2,36.4,35.5,35.5,142212291.0,01810
